Site.Code,Site,Subsite,Subsite.Name,Ocean,Coast,Basin,First.Year.In.ZEN,Latitude,Longitude,Sampling.Time,Month,Date.Collected,Temperature.C,Salinity.ppt,Day.length.hours,Depth.Categorical,Depth.m,Perc.Silt,Perc.Sand,Perc.Gravel,GenotypicRichness,AllelicRichness,Inbreeding,NOTES,Mean.Shoots.Zmarina.per.m2,SD.Shoots.Zmarina.per.m2,SE.Shoots.Zmarina.per.m2,Std.Total.Abund.Mesograzers1,Std.Total.Abund.Molluscs1,Std.Total.Abund.Crustacean1s,Std.Total.Abund.Amphipods1,Std.Abund.Gammarids1,Std.Abund.Caprellids1,Std.Abund.Isopods1,Std.Abund.Gastropods1,Std.Abund.Polychaetes1,SE.Std.Total.Abund.Mesograzers,SE.Std.Total.Abund.Molluscs,SE.Std.Total.Abund.Crustaceans,SE.Std.Total.Abund.Amphipods,SE.Std.Abund.Gammaridss,SE.Std.Abund.Caprellids,SE.Std.Abund.Isopods,SE.Std.Abund.Gastropods,SE.Std.Abund.Polychaetes,SD.Std.Total.Abund.Mesograzers,SD.Std.Total.Abund.Molluscs,SD.Std.Total.Abund.Crustaceans,SD.Std.Total.Abund.Amphipods,SD.Std.Abund.Gammaridss,SD.Std.Abund.Caprellids,SD.Std.Abund.Isopods,SD.Std.Abund.Gastropods,SD.Std.Abund.Polychaetes,Std.Total.Biomass.Mesograzers1,Std.Total.Biomass.Molluscs1,Std.Total.Biomass.Crustacean1s,Std.Total.Biomass.Amphipods1,Std.Biomass.Gammarids1,Std.Biomass.Caprellids1,Std.Biomass.Isopods1,Std.Biomass.Gastropods1,Std.Biomass.Polychaetes1,SE.Std.Total.Biomass.Mesograzers,SE.Std.Total.Biomass.Molluscs,SE.Std.Total.Biomass.Crustaceans,SE.Std.Total.Biomass.Amphipods,SE.Std.Biomass.Gammaridss,SE.Std.Biomass.Caprellids,SE.Std.Biomass.Isopods,SE.Std.Biomass.Gastropods,SE.Std.Biomass.Polychaetes,SD.Std.Total.Biomass.Mesograzers,SD.Std.Total.Biomass.Molluscs,SD.Std.Total.Biomass.Crustaceans,SD.Std.Total.Biomass.Amphipods,SD.Std.Biomass.Gammaridss,SD.Std.Biomass.Caprellids,SD.Std.Biomass.Isopods,SD.Std.Biomass.Gastropods,SD.Std.Biomass.Polychaetes,Mean.Grazer.Richness,SE.Grazer.Richness,SD.Grazer.Richness,Total.Grazer.Richness,Mean.Site.Std.Periphyton,SD.Site.Std.Periphyton,SE.Site.Std.Periphyton,Mean.Site.Std.SessileInvertebrate,SD.Site.Std.SessileInvertebrate,SE.Site.Std.SessileInvertebrate,Mean.Site.Std.TotalEpibiota,SD.Site.Std.TotalEpibiota,SE.Site.Std.TotalEpibiota,Mean.Macroalgae.g.m2,SD.Mean.Macroalgae.g.m2,SE.Mean.Macroalgae.g.m2,Sheath.Width.cm.,Shealth.Length.cm.,Longest.Leaf.Length.cm.,SD.Sheath.Width.cm.,SD.Shealth.Length.cm.,SD.Longest.Leaf.Length.cm.,SE.Sheath.Width.cm.,SE.Shealth.Length.cm.,SE.Longest.Leaf.Length.cm.,Site.Code,Site,Below.Zmarina.g,Below.OtherSeagrass.g,Above.Zmarina.g,Above.OtherSeagrass.g,Macroalgae.g,TOTAL.Seagrass.Biomass,Total.Seagrass.Biomass.Above,Total.Seagrass.Biomass.Below,SD.Below.Zmarina.g,SD.Below.OtherSeagrass.g,SD.Mean.Above.Zmarina.g,SD.Above.OtherSeagrass.g,SD.Macroalgae.g,SD.Mean.Total.Seagrass.Biomass.Above,SD.Mean.Total.Seagrass.Biomass.Below,SE.Below.Zmarina.g,SE.Below.OtherSeagrass.g,SE.Mean.Above.Zmarina.g,SE.Above.OtherSeagrass.g,SE.Macroalgae.g,SE.Mean.Total.Seagrass.Biomass.Above,SE.Mean.Total.Seagrass.Biomass.Below,Mean.Leaf.PercN,Mean.Leaf.PercC,SD.Mean.Leaf.PercN,SD.Mean.Leaf.PercC,SE.Mean.Leaf.PercN,SE.Mean.Leaf.PercC,Mean.Pred.Amphipod,Mean.Pred.Gastropod,Mean.Pred.Isopod,Mean.Pred.Lettuce,Mean.Pred.Shrimp,Mean.Pred.Squid,Mean.Pred.Crustacean,SD.Pred.Amphipod,SD.Pred.Gastropod,SD.Pred.Isopod,SD.Pred.Lettuce,SD.Pred.Shrimp,SD.Pred.Squid,SD.Pred.Crustacean,SE.Pred.Amphipod,SE.Pred.Gastropod,SE.Pred.Isopod,SE.Pred.Lettuce,SE.Pred.Shrimp,SE.Pred.Squid,SE.Pred.Crustacean,Median.Mesograzer.Size.unw,SD.Median.Mesograzer.Size.unw,SE.Median.Mesograzer.Size.unw,Median.Mesograzer.Size.w,SD.Median.Mesograzer.Size.w,SE.Median.Mesograzer.Size.w,Median.Crustacean.Size.unw,SD.Median.Crustacean.Size.unw,SE.Median.Crustacean.Size.unw,Median.Crustacean.Size.w,SD.Median.Crustacean.Size.w,SE.Median.Crustacean.Size.w,Average.Crustacean.Size.unw,SD.Average.Crustacean.Size.unw,SE.Average.Crustacean.Size.unw,Average.Crustacean.Size.w,SD.Average.Crustacean.Size.w,SE.Average.Crustacean.Size.w,Median.Gammarid.Size.unw,SD.Median.Gammarid.Size.unw,SE.Median.Gammarid.Size.unw,Median.Gammarid.Size.w,SD.Median.Gammarid.Size.w,SE.Median.Gammarid.Size.w,Average.Gammarid.Size.unw,SD.Average.Gammarid.Size.unw,SE.Average.Gammarid.Size.unw,Average.Gammarid.Size.w,SD.Average.Gammarid.Size.w,SE.Average.Gammarid.Size.w,Median.Isopod.Size.unw,SD.Median.Isopod.Size.unw,SE.Median.Isopod.Size.unw,Median.Isopod.Size.w,SD.Median.Isopod.Size.w,SE.Median.Isopod.Size.w,Average.Isopod.Size.unw,SD.Average.Isopod.Size.unw,SE.Average.Isopod.Size.unw,Average.Isopod.Size.w,SD.Average.Isopod.Size.w,SE.Average.Isopod.Size.w,Median.Gastropod.Size.unw,SD.Median.Gastropod.Size.unw,SE.Median.Gastropod.Size.unw,Median.Gastropod.Size.w,SD.Median.Gastropod.Size.w,SE.Median.Gastropod.Size.w,Average.Gastropod.Size.unw,SD.Average.Gastropod.Size.unw,SE.Average.Gastropod.Size.unw,Average.Gastropod.Size.w,SD.Average.Gastropod.Size.w,SE.Average.Gastropod.Size.w
BB,BB.A,A,"Westside Park, Bodega Bay",Pacific,East.Pacific,East,2011,38.319755,-123.055136,1,July,7/1/2014,13,33,14.5,Intertidal,0.82,29.455,69.68,0,1,6.72,0.1301,,327.0626432,215.4225727,48.16995165,6.690574235,0.235207051,6.455367184,6.268088951,1.539249809,4.728839142,0.119131145,0.235207051,0,1.303745798,0.085903976,1.288681065,1.290393062,0.265137152,1.139077015,0.053745009,0.085903976,0,5.830528457,0.38417426,5.763156924,5.770813209,1.185729392,5.094107273,0.240354986,0.38417426,0,3.623839515,0.33053938,3.293300136,2.353813191,0.676395085,1.677418106,0.932327168,0.33053938,0,0.804771838,0.150099784,0.819572605,0.522298219,0.219682325,0.399786436,0.539405562,0.150099784,0,3.599049072,0.671266639,3.665240116,2.335788646,0.982449225,1.787899293,2.412295008,0.671266639,0,6.35,0.493510518,2.207046133,22,0.3369484,0.247316403,0.055301629,0,0,0,0.3369484,0.247316403,0.055301629,51.79235,80.15291871,17.92273748,0.74425,14.72,67.811875,0.093678833,5.063997342,21.27834428,0.020947224,1.132344229,4.757982427,BB,BB.A,63.45775,0,186.85,0,NA,250.30775,186.85,63.45775,40.75035248,0,133.650477,0,NA,133.650477,40.75035248,9.112055826,0,29.88515518,0,NA,29.88515518,9.112055826,2.95128001,35.23648682,0.297687568,0.297687568,0.066564964,0.26922268,0.526315789,0.1875,NA,0.2,NA,0.4,0.526315789,0.512989176,0.403112887,NA,0.410391341,NA,0.50262469,0.512989176,0.117687788,0.100778222,NA,0.091766294,NA,0.112390297,0.117687788,2.04,0.373320802,0.083477069,1.6,0.454219979,0.101566675,2.065,0.438027877,0.097946011,1.66,0.558569602,0.12489996,2.309809524,0.576554213,0.128921441,1.877975153,0.453340671,0.101370056,1.338888889,0.222654808,0.052480241,1.111111111,0.18435544,0.043452994,1.455555556,0.392078424,0.092413771,1.263315813,0.254074116,0.059885843,3.757142857,2.655721586,1.00376841,3.757142857,2.655721586,1.00376841,3.795238095,2.688275543,1.016072649,3.848571429,2.739436856,1.035409807,2.2,0.94751136,0.299629401,2.14,1.127632722,0.356588777,2.213333333,0.935341754,0.295781033,2.179880952,1.027942999,0.325064118
BB,BB.B,B,"Sacramento Landing, Tomales Bay",Pacific,East.Pacific,East,2014,38.1496437,-122.9063846,1,July,7/1/2014,18.4,34,14.5,Intertidal,1.6,NA,NA,NA,0.95,6.54,0.0757,,389.9286988,253.3614066,56.6533328,5.147741262,0.600590823,4.54715044,3.644760089,0.337841859,3.30691823,0.030916404,0.600590823,0,0.634595869,0.131787124,0.576402866,0.496286538,0.079389712,0.480497201,0.017442958,0.131787124,0,2.837999001,0.589369935,2.577751984,2.219460872,0.355041587,2.148848807,0.078007279,0.589369935,0,4.314323934,2.725370101,1.588953833,1.141749524,0.092001376,1.049748148,0.164978279,2.725370101,0,0.923022825,0.85797796,0.280217278,0.220923735,0.021550348,0.212679316,0.135006383,0.85797796,0,4.127883565,3.836994086,1.253169764,0.988000981,0.096376087,0.951130816,0.603766898,3.836994086,0,4.65,0.498814384,2.230765741,17,0.141452708,0.06010428,0.013439726,0.375009244,0.809882386,0.181095207,0.516461952,0.82260878,0.183940915,0,0,0,0.823125,17.06125,73.30875,0.089062644,4.021344982,14.28732479,0.019915013,0.899200074,3.194742945,BB,BB.B,183.45,0,241.05,0,0,424.5,241.05,183.45,54.92432593,0,69.88051833,0,0,69.88051833,54.92432593,12.28145264,0,15.62575893,0,0,15.62575893,12.28145264,2.075897902,32.9023232,0.453184069,0.453184069,0.101335038,1.535287144,0.85,0.15,NA,0.25,NA,0.55,0.85,0.366347549,0.366347549,NA,0.444261658,NA,0.510417786,0.366347549,0.081917802,0.081917802,NA,0.099339927,NA,0.114132887,0.081917802,2.05,0.388435777,0.091555191,1.6,0.34299717,0.080845208,1.844444444,0.398854569,0.094010924,1.555555556,0.391411056,0.092256471,2.192962963,0.631568117,0.148862033,1.639035168,0.368884491,0.086946908,1.2125,0.16683325,0.041708313,1.1375,0.199582898,0.049895725,1.216666667,0.172562388,0.043140597,1.18595467,0.163992129,0.040998032,3.7,3.726929031,2.151743479,3.7,3.726929031,2.151743479,3.833333333,3.625373544,2.093110392,3.833333333,3.625373544,2.093110392,2.49375,0.831439515,0.207859879,2.58125,1.369777963,0.342444491,2.737916667,0.795720847,0.198930212,2.744815101,0.915379026,0.228844757
BC,BC.A,A,Tsawwassen,Pacific,East.Pacific,East,2011,49,-123.1,1,May,5/16/2014,24.5,26,14,Intertidal,0.5,13.895,86.04,0,1,5.2,0.0372,,75.030012,40.66227211,10.86744934,5.908945506,1.698180241,3.180829544,2.88076824,1.668950233,1.211818007,0.139639494,1.698180241,1.029935721,0.557444589,0.241216803,0.376888312,0.34665516,0.188683603,0.245039735,0.039659521,0.241216803,0.221155577,2.298402921,0.994562356,1.55395032,1.429295839,0.777962424,1.010324709,0.163520394,0.994562356,0.911847804,20.62560196,9.341260214,4.086091248,2.182993795,1.878021271,0.304972524,1.839744552,9.341260214,7.198250502,3.384721444,2.053541281,0.793330409,0.461148061,0.45026138,0.062374461,0.653604231,2.053541281,2.040825531,13.95556403,8.466967608,3.270985074,1.901362164,1.856475228,0.257176492,2.69487928,8.466967608,8.414539229,8.3,0.465097613,2.079979757,20,0.014609433,0.008130027,0.001817929,0,0,0,0.014609433,0.008130027,0.001817929,84.7645,23.09865591,5.165016481,0.7545,16.7416,59.6941,0.107236826,3.793008893,12.86108072,0.023978883,0.848142572,2.875825075,BC,BC.A,75.8125,0,45.4375,0,0,121.25,45.4375,75.8125,33.02265186,0,18.56155301,0,0,18.56155301,33.02265186,11.67527053,0,6.5625,0,0,6.5625,11.67527053,2.753508061,35.43433161,0.430937704,0.430937704,0.0963606,0.856978445,1,0.3,NA,0.5,NA,0.65,1,0,0.470162346,NA,0.512989176,NA,0.489360485,0,0,0.105131497,NA,0.114707867,NA,0.109424331,0,2.705,0.278104486,0.062186054,1.81,0.847224571,0.189445173,2.01,0.535969363,0.119846393,1.15,0.193309133,0.043225236,2.632333333,0.816374169,0.182546814,1.540205371,0.316458283,0.070762223,1.705,0.496805585,0.111089106,1.1,0.13764944,0.030779351,2.119333333,0.798805834,0.178618415,1.459847929,0.359814906,0.080457059,3.415384615,2.205994165,0.611832698,3.284615385,2.326960161,0.645382629,3.753846154,1.94505729,0.53946183,3.601443001,2.058036755,0.570796696,3.22,0.670113894,0.149842022,3.295,0.855616121,0.191321581,3.261666667,0.665384293,0.148784451,3.23166137,0.598414386,0.133809525
BC,BC.B,B,White Rock,Pacific,East.Pacific,East,2014,49,-122.8,1,May,5/29/2014,22.5,26,14,Intertidal,0.5,NA,NA,NA,0.95,6,0.0775,,210.0840336,134.8099986,30.1444321,41.21514706,13.22638714,24.52342943,23.13013021,1.059185514,22.0709447,0.067374128,13.22638714,3.465330486,3.239249728,1.820581817,2.228331867,2.202572093,0.259543564,2.108759542,0.032897944,1.820581817,0.621272718,14.48636518,8.141889403,9.965403062,9.850201851,1.160714102,9.43065937,0.147124079,8.141889403,2.778416059,64.91519269,17.80939033,15.42871397,12.81815306,0.525506819,12.29264624,2.059035317,17.80939033,31.67708839,10.08912472,4.669493877,1.982352945,1.663327212,0.15221718,1.671893846,1.061734943,4.669493877,5.233646253,45.11993741,20.88261146,8.86535188,7.43862543,0.680735922,7.476936583,4.748223014,20.88261146,23.40557758,7.85,0.371872927,1.663066287,14,0.029271419,0.012940491,0.002893582,0,0,0,0.029271419,0.012940491,0.002893582,0.14385,0.424430674,0.094905584,0.5535,9.987,50.169,0.046143369,1.837392603,10.57286791,0.010317971,0.410853476,2.364165136,BC,BC.B,253.175,0,70.35,0,0,323.525,70.35,253.175,61.08821813,0,38.11861681,0,0,38.11861681,61.08821813,13.65974084,0,8.523581839,0,0,8.523581839,13.65974084,1.978431642,36.05358467,0.248517288,0.248517288,0.055570155,0.291417153,0.368421053,0.294117647,NA,0.368421053,NA,0.25,0.368421053,0.495594628,0.469668218,NA,0.495594628,NA,0.444261658,0.495594628,0.113697205,0.113911275,NA,0.113697205,NA,0.099339927,0.113697205,2.665,0.279614396,0.06252368,1.47,0.245163748,0.054820281,2.485,0.368888801,0.082486043,1.575,0.417857946,0.093435877,3.085428571,0.578899953,0.129445965,2.161005161,0.542178532,0.121234805,1.505882353,0.693244715,0.16813654,1.429411765,0.71393689,0.17315513,1.519607843,0.694428104,0.168423554,1.482128852,0.692340364,0.167917203,7.4,1.2,0.6,7.4,1.2,0.6,7.4,1.2,0.6,7.4,1.2,0.6,2.01,0.44355027,0.099180856,1.41,0.637346473,0.142515004,2.40447619,0.653757003,0.14618451,1.649799168,0.36433196,0.081467103
CR,CR.A,A,Posedarje,Atlantic,East.Atlantic,East,2014,44.21154996,15.4906946,1,May,5/17/2014,17,25,14.85,Subtidal,3,NA,NA,NA,0.84,4.06,-0.1127,,332.6330532,74.98866177,16.76797452,0.012468517,0.012468517,0,0,0,0,0,0.012468517,0,0.0124685,0.0124685,0,0,0,0,0,0.0124685,0,0.055760827,0.055760827,0,0,0,0,0,0.055760827,0,0,0,0,0,0,0,0,0,0,0,0,0,0,0,0,0,0,0,0,0,0,0,0,0,0,0,0,0.05,0.05,0.223606798,1,0.309004068,0.178517464,0.039917718,0,0,0,0.309004068,0.178517464,0.039917718,0,0,0,0.529458333,9.688416667,47.26179167,0.036581115,1.33333503,5.694397564,0.008179786,0.298142776,1.273306004,CR,CR.A,43.94736842,23.63157895,80.325,24.216,0,144.525,104.541,64.2,14.00386329,14.4682047,28.37125816,12.21420502,0,31.90329036,27.07513911,3.212706574,3.3192338,6.344006185,2.731179271,0,7.133792595,6.054185155,1.528303111,34.83553181,0.109536086,0.109536086,0.024493013,0.190846965,0.85,0.4,NA,0,NA,0.842105263,0.85,0.366347549,0.50262469,NA,0,NA,0.374634325,0.366347549,0.081917802,0.112390297,NA,0,NA,0.085947009,0.081917802,NA,NA,NA,NA,NA,NA,NA,NA,NA,NA,NA,NA,NA,NA,NA,NA,NA,NA,NA,NA,NA,NA,NA,NA,NA,NA,NA,NA,NA,NA,NA,NA,NA,NA,NA,NA,NA,NA,NA,NA,NA,NA,NA,NA,NA,NA,NA,NA,NA,NA,NA,NA,NA,NA
CR,CR.B,B,Sveti Duh,Atlantic,East.Atlantic,East,2014,44.20557132,15.47773378,1,June,6/5/2014,19,20,15.383,Subtidal,3,NA,NA,NA,1,6.13,0.0594,,447.2243443,98.90794288,22.11648838,0.739226149,0.706117951,0.033108198,0,0,0,0.033108198,0.706117951,0,0.204895407,0.208199058,0.033108198,0,0,0,0.033108198,0.208199058,0,0.916320116,0.931094495,0.148064361,0,0,0,0.148064361,0.931094495,0,8.866627131,7.641392063,1.225235068,0,0,0,1.225235068,7.641392063,0,2.81102828,2.717757439,1.225235068,0,0,0,1.225235068,2.717757439,0,12.57130064,12.15418076,5.479417801,0,0,0,5.479417801,12.15418076,0,0.65,0.131289155,0.587142949,3,0.294211101,0.251299377,0.056192249,0,0,0,0.294211101,0.251299377,0.056192249,0,0,0,0.4685,5.183916667,27.60055,0.031668513,0.550648548,3.123710433,0.007081295,0.123128758,0.698482887,CR,CR.B,39.15789474,3.210526316,39.5,1.421052632,0,81.86842105,40.92105263,42.36842105,12.26677155,8.206223569,10.73804245,3.083392603,0,10.03087339,16.27868588,2.814190397,1.882636802,2.463475888,0.707378777,0,2.301240181,3.734586668,1.496188617,36.68858509,0.284671002,0.284671002,0.063654371,0.336668277,0.9,0.15,NA,0,NA,0.8,0.9,0.307793506,0.366347549,NA,0,NA,0.410391341,0.307793506,0.06882472,0.081917802,NA,0,NA,0.091766294,0.06882472,4.9,1.27778217,0.36886394,4.733333333,1.251423432,0.361254828,8,NA,NA,8,NA,NA,8,NA,NA,8,NA,NA,NA,NA,NA,NA,NA,NA,NA,NA,NA,NA,NA,NA,8,NA,NA,8,NA,NA,8,NA,NA,8,NA,NA,4.618181818,0.864659681,0.260704703,4.436363636,0.747358986,0.225337213,4.618181818,0.864659681,0.260704703,4.557575758,0.777044387,0.234287698
ES,ES.A,A,South Bay,Atlantic,West.Atlantic,West,2014,37.265686,-75.812668,1,June,6/24/2014,28.05,35.42,14.683,Shallow.Subtidal,,NA,NA,NA,1,6.09,0.0623,,725.7448434,217.0210406,48.52737992,10.18574246,0.52758171,8.125777033,6.645868061,6.529869962,0.115998099,1.307394605,0.52758171,1.532383718,1.975821631,0.135179276,1.949909252,1.96649758,1.972832035,0.080491165,0.372134767,0.135179276,0.30238965,8.836142957,0.604540101,8.720259274,8.794444531,8.822773077,0.359967433,1.664237272,0.604540101,1.352327627,13.72520508,3.174561549,7.735428139,2.411713351,2.400963603,0.010749748,5.323714788,3.174561549,2.815215396,3.171957857,1.257676129,2.004086265,0.406987845,0.406971009,0.007399654,1.904582079,1.257676129,0.80033856,14.18542678,5.624498635,8.962546243,1.820104973,1.820029681,0.033092258,8.517549997,5.624498635,3.579222852,4.35,0.378883401,1.694418081,11,0.110502695,0.031351249,0.007010352,0,0,0,0.110502695,0.031351249,0.007010352,0,0,0,0.4,9.133,46.9555,0.036992176,1.278935001,16.38298555,0.008271702,0.28597856,3.663346936,ES,ES.A,180.45,0,182.3,0,0,362.75,182.3,180.45,51.01132485,0,66.65551661,0,0,66.65551661,51.01132485,11.406479,0,14.90462662,0,0,14.90462662,11.406479,1.841279663,36.46372032,0.201932246,0.201932246,0.046326434,0.533902004,NA,0.25,NA,0.368421053,0.947368421,1,0.947368421,NA,0.444261658,NA,0.495594628,0.229415734,0,0.229415734,NA,0.099339927,NA,0.113697205,0.052631579,0,0.052631579,2.03,0.529249717,0.118343834,1.7,0.486664263,0.108821438,1.915,0.672994096,0.150486055,1.525,0.432708727,0.096756613,2.167,0.833892374,0.186464003,1.871036228,0.582591144,0.13027134,1.495,0.235025195,0.052553231,1.405,0.264525394,0.059149676,1.593333333,0.312432449,0.069862019,1.493367605,0.234080022,0.052341884,3.178571429,1.778148809,0.475230259,3.071428571,1.799755783,0.481004966,3.170238095,1.717284909,0.458963698,3.087329932,1.734660639,0.463607557,2.792307692,1.660552889,0.460554507,2.792307692,1.660552889,0.460554507,2.792307692,1.660552889,0.460554507,2.792307692,1.660552889,0.460554507
ES,ES.B,B,Cobb Bay,Atlantic,West.Atlantic,West,2014,37.31855,-75.789076,1,June,6/25/2014,27.7,35.64,14.683,Shallow.Subtidal,,NA,NA,NA,1,5.64,0.0266,,472.6890756,90.1941598,20.16802725,9.278467547,0.674570734,7.094003774,3.426458854,3.29675291,0.129705944,3.171585751,0.674570734,1.509893039,1.012416325,0.172321211,0.949670236,0.617509194,0.617091101,0.11256522,0.527246076,0.172321211,0.425811577,4.295318691,0.73109698,4.029109581,2.61986963,2.618095813,0.477573783,2.236915653,0.73109698,1.80656552,21.59858844,4.359046996,12.05457532,0.934035032,0.899237894,0.034797138,11.12054029,4.359046996,5.184966125,3.57182122,2.660030841,2.517279784,0.221076829,0.214328175,0.031908504,2.526825481,2.660030841,1.938445204,15.15395404,11.28555507,10.67991363,0.937949551,0.909317436,0.135376317,10.72041259,11.28555507,8.224126492,3.8,0.38797721,1.735086832,9,0.028972723,0.00987263,0.002207587,0,0,0,0.028972723,0.00987263,0.002207587,0,0,0,0.4379,12.148,57.4065,0.046246365,0.890455826,5.402794866,0.010341002,0.199111976,1.208101659,ES,ES.B,102.55,0,131.85,0,0,234.4,131.85,102.55,39.197845,0,47.3300561,0,0,47.3300561,39.197845,8.764904599,0,10.58332228,0,0,10.58332228,8.764904599,1.848400511,36.84332797,0.240520684,0.240520684,0.055179229,0.361242823,NA,0.8,NA,0,0.95,0.722222222,0.95,NA,0.410391341,NA,0,0.223606798,0.460888599,0.223606798,NA,0.091766294,NA,0,0.05,0.108632485,0.05,2.295,0.455925894,0.101948129,2.155,0.571678047,0.127831097,2.155,0.530615333,0.118649195,1.96,0.672309453,0.150332964,2.367666667,0.574984465,0.128570435,2.210836525,0.541642212,0.121114881,1.338888889,0.230444299,0.054316242,1.238888889,0.293335561,0.069139855,1.364814815,0.282026333,0.066474244,1.302037037,0.246780946,0.058166827,2.484210526,0.49694976,0.114008094,2.721052632,0.665481403,0.152671904,2.631578947,0.514418488,0.118015695,2.68630117,0.481609919,0.110488893,2.88,1.588710169,0.502394267,3.04,2.067311727,0.653741369,2.895,1.584376849,0.501023952,2.926666667,1.728540382,0.546612463
FI,FI.A,A,Fårö,Atlantic,East.Atlantic,East,2014,59.92025,21.79618333,1,June,6/18/2014,14,6.5,19,Subtidal,2.5,3.67,96.33,0,0.11,1.29,-0.8,,206.9009422,79.66100699,17.81274268,183.4886133,182.3909278,1.097685548,0.509975565,0.509975565,0,0.587709983,182.3909278,0,45.29080879,45.35607876,0.191984297,0.147312632,0.147312632,0,0.121199007,45.35607876,0,202.5466544,202.8385506,0.858579878,0.658802118,0.658802118,0,0.542018435,202.8385506,0,63.51726011,59.3566918,4.160568313,1.91735617,1.91735617,0,2.243212143,59.3566918,0,11.40020327,11.34220706,0.894840216,0.734915584,0.734915584,0,0.541024995,11.34220706,0,50.98325893,50.72389198,4.001847104,3.286642409,3.286642409,0,2.419537334,50.72389198,0,4.2,0.295581496,1.321880638,7,0.523106833,0.751231802,0.167980538,0,0,0,0.523106833,0.751231802,0.167980538,4172.652703,3561.17751,796.3034993,0.3425,6.390375,25.22625,0.022912878,0.951191868,2.020164711,0.005123475,0.212692968,0.451722562,FI,FI.A,88.65,0.825,30.775,0.95,99.375,219.625,31.725,89.475,57.86738469,1.726534405,17.16059976,1.992750017,63.06635499,17.99011059,58.45341713,12.93954058,0.38606483,3.83722676,0.44559245,14.10206568,4.02271102,13.07058142,2.459293604,40.78326359,0.245708848,0.245708848,0.054942169,0.215578483,0.6,0,0.2,0,NA,0.052631579,0.4,0.50262469,0,0.410391341,0,NA,0.229415734,0.347926187,0.112390297,0,0.091766294,0,NA,0.052631579,0.077798661,1.955,0.146808145,0.032827299,1,0,0,2.977777778,0.564181401,0.132978832,3.127777778,0.830170468,0.195673056,2.986111111,0.55760488,0.131428731,3.064126984,0.590837876,0.139261823,3.030769231,0.904972021,0.250994079,3.153846154,0.920702073,0.25535681,3.052564103,0.89494067,0.248211883,3.105384615,0.900024216,0.249621805,3.04,0.878960425,0.226946606,2.946666667,1.092092792,0.281977146,3.035555556,0.880427986,0.227325529,2.991111111,0.927572927,0.2394983,1.905,0.193241055,0.043210013,1,0,0,2.146333333,0.233122461,0.052127767,1.146395157,0.127496496,0.028509083
FI,FI.B,B,Ängsö,Atlantic,East.Atlantic,East,2011,60.10785,21.70995,1,August,8/28/2014,17,6.5,14.5,Subtidal,3,6.34,92.12,1.54,0.11,1.41,-0.68,,466.3228928,182.497079,40.80758743,13.00351252,11.00163585,2.001876668,0.839117717,0.839117717,0,1.162758952,11.00163585,0,1.37630817,1.348263489,0.366003053,0.223880129,0.223880129,0,0.247292332,1.348263489,0,6.155037251,6.029617625,1.636815414,1.001222373,1.001222373,0,1.105924928,6.029617625,0,19.01361816,12.82576304,6.187855127,1.892783711,1.892783711,0,4.295071415,12.82576304,0,2.056413304,1.706127039,1.260866152,0.557972716,0.557972716,0,0.984137884,1.706127039,0,9.196559877,7.630032074,5.638764854,2.495329846,2.495329846,0,4.401198418,7.630032074,0,3.9,0.280037591,1.252366182,9,0.018184995,0.008531444,0.001907689,0,0,0,0.018184995,0.008531444,0.001907689,11.9415265,10.39653127,2.324735065,0.3245,6.58,30.827,0.03471311,1.036390497,4.701467968,0.007762087,0.23174396,1.051280197,FI,FI.B,68.85,0,45.825,7.05,0.375,115.05,52.875,68.85,20.66340523,0,15.87224904,8.685892979,1.677050983,19.23256216,20.66340523,4.620477875,0,3.54914278,1.942224715,0.375,4.300531638,4.620477875,2.061281896,39.75119419,0.123575456,0.123575456,0.027632312,0.198002361,0.35,0,0.15,0,NA,0.05,0.25,0.489360485,0,0.366347549,0,NA,0.223606798,0.344123601,0.109424331,0,0.081917802,0,NA,0.05,0.076948376,2.03,0.273572852,0.061172749,1.91,0.603411355,0.134926881,2.541176471,0.748380605,0.181508958,2.758823529,0.954632667,0.231532431,2.574901961,0.742532376,0.180090554,2.692780292,0.819156287,0.198674582,2.528571429,1.062238979,0.283895309,2.528571429,1.062238979,0.283895309,2.530952381,1.0554267,0.282074651,2.521428571,1.054060698,0.281709571,3.178571429,0.53519022,0.143035603,3.278571429,0.832215367,0.222418913,3.178571429,0.531986624,0.142179406,3.232517007,0.588526482,0.157290318,1.83,0.243007472,0.054338123,1.78,0.497995984,0.111355287,1.970166667,0.236661663,0.052919157,1.865452599,0.309032836,0.069101843
FR,FR.A,A,"Bouzigues, Etang de Thau",Atlantic,East.Atlantic,East,2014,43.446971,3.661503,1,June,6/18/2014,35,38.8,15,Shallow.Subtidal,2,47.105,52.08,0,0.95,5.84,0.0429,,93.5033104,37.6067579,9.401689475,2.116491432,1.438813725,0.660078607,0.323200158,0.283780253,0.039419904,0.270818557,1.438813725,0.017599101,0.379514739,0.299769027,0.150654958,0.099372887,0.085087048,0.018221749,0.080872196,0.299769027,0.009335311,1.697241509,1.340607844,0.673749452,0.444409059,0.380520845,0.081490137,0.361671453,1.340607844,0.041748779,5.452969055,4.056492148,1.276980029,0.230546317,0.216738225,0.013808093,1.033107438,4.056492148,0.119496878,0.880453329,0.765375581,0.420401481,0.077809973,0.074518397,0.007354925,0.383902584,0.765375581,0.094189214,3.937506989,3.422863655,1.880092577,0.347976776,0.333256405,0.032892226,1.71686455,3.422863655,0.421226969,5.65,0.693105141,3.099660423,17,0.038881062,0.01520967,0.003400986,0.007056441,0.008502081,0.001901123,0.050831286,0.019803585,0.004428216,300.656,136.0928185,30.43127933,0.5425,6.862,42.0675,0.074330344,1.715574478,9.087682164,0.01662077,0.383614115,2.032067508,FR,FR.A,298.275,0,125.95,33.825,294.025,718.25,159.775,298.275,88.92330744,0,88.40381333,39.97014511,106.2523653,95.46554559,88.92330744,19.88385602,0,19.76769361,8.937596153,23.75875116,21.34674494,19.88385602,1.417158353,36.17216949,0.177068448,0.177068448,0.039593709,0.299894595,0.95,0,NA,0.333333333,NA,0.4,0.95,0.223606798,0,NA,0.48507125,NA,0.50262469,0.223606798,0.05,0,NA,0.11433239,NA,0.112390297,0.05,2.515,0.672211589,0.150311081,2.55,0.677067982,0.151397003,2.623529412,1.146477983,0.278061754,2.458823529,1.305305914,0.316583186,2.685098039,1.113287248,0.270011819,2.568143209,1.214523661,0.294565255,1.75,0.564881323,0.163067192,1.675,0.62249498,0.179698822,1.778333333,0.57893755,0.167124875,1.725327483,0.591853486,0.170853385,3.0375,0.935859676,0.233964919,2.91875,1.015361184,0.253840296,3.055833333,0.935796353,0.233949088,3.015208333,0.954007507,0.238501877,2.56,0.455839307,0.101928768,2.755,0.395334635,0.088399512,2.649,0.42670792,0.095414792,2.731969684,0.383491614,0.085751332
FR,FR.B,B,"Peyrac sur mer, Etang de Bages-Sigean",Atlantic,East.Atlantic,East,2014,43.082895,2.973231,1,June,6/24/2014,35,32.5,15,Shallow.Subtidal,1,72.28,23.695,0,0.95,5.7,0.0476,,319.9006875,210.7568881,47.12667286,0.636379023,0.426573308,0.161604365,0.0712612,0.0712612,0,0.08031801,0.426573308,0.04820135,0.070976037,0.048980454,0.02657734,0.019953309,0.019953309,0,0.016210225,0.048980454,0.037382264,0.317414488,0.219047248,0.118857477,0.089233912,0.089233912,0,0.072494332,0.219047248,0.167178567,7.523218378,6.99411897,0.439815095,0.124462132,0.124462132,0,0.280755888,6.99411897,0.089284313,0.852430111,0.791924068,0.090595813,0.046874468,0.046874468,0,0.087810136,0.791924068,0.083133141,3.812183347,3.541592096,0.405156792,0.209628994,0.209628994,0,0.392698865,3.541592096,0.371782709,5.05,0.467214591,2.089447169,20,0.020296734,0.007623963,0.00170477,0,0,0,0.020296734,0.007623963,0.00170477,0,0,0,0.4255,9.445125,95.0076,0.054721784,3.229075808,11.01071198,0.012236163,0.722043301,2.462070047,FR,FR.B,168.3,0,225.7,101.1,0,394,326.8,168.3,77.32542307,0,126.3582418,104.1250008,0,172.6381522,77.32542307,17.29049024,0,28.25456181,23.28305799,0,38.60306437,17.29049024,2.014333063,34.26217518,0.249461031,0.249461031,0.055781182,0.245570675,0.5,0.25,NA,0.05,NA,0.25,0.5,0.512989176,0.444261658,NA,0.223606798,NA,0.444261658,0.512989176,0.114707867,0.099339927,NA,0.05,NA,0.099339927,0.114707867,3.58,0.891834301,0.199420212,5.12,0.982799439,0.219760635,2.641176471,0.774644131,0.187878798,2.664705882,0.748282347,0.181485127,2.699019608,0.752829629,0.182588005,2.696143791,0.7340262,0.178027503,2.275,0.501135075,0.144665235,2.241666667,0.505350164,0.145882027,2.275,0.501135075,0.144665235,2.268333333,0.499851493,0.144294697,2.884615385,1.113437735,0.308812065,2.961538462,1.088989181,0.302031256,2.946153846,1.090662257,0.302495284,2.964102564,1.075524122,0.298296721,4.97,0.633370267,0.141625897,5.53,0.313049517,0.07,4.976666667,0.623243731,0.139361535,5.324321195,0.353609555,0.0790695
IR,IR.A,A,Greyabbey,Atlantic,East.Atlantic,East,2014,54.531944,-5.569167,1,June,6/18/2014,20.4,40,17.3,Intertidal,<1,NA,NA,NA,1,5.4,0.1295,,615.9281894,324.6580783,72.59575325,189.0965407,183.9210634,5.17547735,0.275801804,0.275801804,0,4.899675545,183.9210634,0,32.92360031,33.01124033,1.169384777,0.151935021,0.151935021,0,1.194554368,33.01124033,0,147.2388167,147.6307548,5.229647706,0.679474068,0.679474068,0,5.34220954,147.6307548,0,61.38117249,57.43239842,3.948774074,0.104347433,0.104347433,0,3.84442664,57.43239842,0,9.105898001,9.150629729,0.971245602,0.076725874,0.076725874,0,0.985546599,9.150629729,0,40.72281385,40.92286022,4.343542376,0.34312854,0.34312854,0,4.407498381,40.92286022,0,2.25,0.142810143,0.638666374,6,0.139941285,0.098089852,0.021933558,0,0,0,0.139941285,0.098089852,0.021933558,3.908277778,4.1114908,1.370496933,0.19,2.616,10.4895,0.036562851,0.362947002,1.21792522,0.008175702,0.081157417,0.272336358,IR,IR.A,8.476315789,25.73684211,13.24475,14.15,0,45.74725,27.39475,32.5025,16.46566974,9.235150876,6.409914088,5.871653582,0,10.00241938,23.39094469,3.777483708,2.118688916,1.433300363,1.312941655,0,2.236608966,5.230374238,2.506561101,33.87508774,0.199164196,0.199164196,0.044534468,0.241568607,0.578947368,0,NA,0,NA,0,0.578947368,0.507257274,0,NA,0,NA,0,0.507257274,0.1163728,0,NA,0,NA,0,0.1163728,1.45,0.230559959,0.051554774,1.21,0.199736669,0.044662477,1.858823529,0.50628404,0.122791916,1.788235294,0.525454985,0.127441553,1.869607843,0.502640089,0.121908128,1.83767507,0.4954035,0.120152998,1.7,0.424264069,0.3,1.7,0.424264069,0.3,1.7,0.424264069,0.3,1.7,0.424264069,0.3,1.85,0.521536192,0.130384048,1.79375,0.530997489,0.132749372,1.861458333,0.517963203,0.129490801,1.833779762,0.50745554,0.126863885,1.355,0.466199641,0.104245409,1.19,0.199736669,0.044662477,1.551666667,0.67012044,0.149843486,1.21751202,0.08015037,0.017922167
IR,IR.B,B,Donegal ,Atlantic,East.Atlantic,East,2014,54.2225,-7.701944,1,July,7/2/2014,16.3,40,17.18,Intertidal,1,NA,NA,NA,1,3.04,0.0122,,334.2245989,184.4637409,42.31888449,0.50332669,0.090916943,0.299905691,0.098905344,0.098905344,0,0.201000347,0.090916943,0,0.119625606,0.045877594,0.07140679,0.046302784,0.046302784,0,0.051256274,0.045877594,0,0.521435929,0.199975795,0.311254983,0.201829155,0.201829155,0,0.22342092,0.199975795,0,2.100430236,1.557198878,0.370988867,0.127687037,0.127687037,0,0.24330183,1.557198878,0,1.525911101,1.529111251,0.173325911,0.081101704,0.081101704,0,0.122207893,1.529111251,0,6.651292286,6.665241417,0.75551013,0.353514133,0.353514133,0,0.532691856,6.665241417,0,1.2,0.212751399,0.951453182,7,0.205392896,0.11111687,0.024846487,0,0,0,0.205392896,0.11111687,0.024846487,31.14213889,52.77094069,12.43823,0.308,8.087,35.9191,0.041371233,3.477871551,9.339701527,0.009250889,0.777675721,2.08842075,IR,IR.B,83.5,0,46.75,0,0,130.25,46.75,83.5,56.11407554,0,23.27043528,0,0,23.27043528,56.11407554,12.54748874,0,5.203427514,0,0,5.203427514,12.54748874,2.370700407,34.76899452,0.324279875,0.324279875,0.072511184,0.806802004,1,0.111111111,NA,0.210526316,NA,0.105263158,1,0,0.323380833,NA,0.418853908,NA,0.315301768,0,0,0.076221593,NA,0.096091677,NA,0.072335186,0,1.964285714,1.105654796,0.295498674,1.964285714,1.105654796,0.295498674,1.738461538,0.946518587,0.262517023,1.738461538,0.946518587,0.262517023,1.743589744,0.944710872,0.262015653,1.743589744,0.944710872,0.262015653,1.88,0.855569985,0.382622529,1.88,0.855569985,0.382622529,1.88,0.855569985,0.382622529,1.88,0.855569985,0.382622529,1.72,1.011928851,0.32,1.72,1.011928851,0.32,1.726666667,1.009803795,0.319327998,1.726666667,1.009803795,0.319327998,2.975,3.356957948,1.678478974,2.975,3.356957948,1.678478974,2.975,3.356957948,1.678478974,2.975,3.356957948,1.678478974
JN,JN.A,A,Akkeshi-ko estuary,Pacific,West.Pacific,West,2011,43.021167,144.903217,1,July,7/22/2014,21,26,15,Shallow.Subtidal,1,56.455,39.67,0,1,6.58,0.1275,,133.6898395,24.43888133,5.464699995,23.57441772,0.013542795,23.45611708,23.29639446,23.26844856,0.027945894,0.159722628,0.013542795,0.104757838,3.140655386,0.013542795,3.139335518,3.110077248,3.101935919,0.02016834,0.0524497,0.013542795,0.052702231,14.04543788,0.060565221,14.03953525,13.90868829,13.87227915,0.090195559,0.234562189,0.060565221,0.235691543,54.752864,0.094122427,53.16182616,50.85102607,50.72856716,0.122458907,2.310800085,0.094122427,1.496915413,6.966368688,0.094122427,7.150377229,7.093792672,7.060262338,0.088377666,0.896793981,0.094122427,0.866593282,31.15454789,0.420928289,31.9774591,31.72440526,31.57445305,0.395236939,4.010584607,0.420928289,3.875522976,4.2,0.277204086,1.23969436,14,0.619009507,0.331150547,0.074047513,0.001699088,0.002162463,0.000483541,0.62308416,0.33190428,0.074216053,1.204742778,2.936089908,0.692043028,0.795,31.49,142.917,0.04751731,3.12112328,17.87492601,0.010625193,0.697904382,3.996954966,JN,JN.A,53.9,0,144.025,0,0,197.925,144.025,53.9,20.09294194,0,51.84477718,0,0,51.84477718,20.09294194,4.492918404,0,11.59284461,0,0,11.59284461,4.492918404,2.378216213,36.34678879,0.317707657,0.317707657,0.071041592,0.1326512,0.8,0.055555556,NA,0.230769231,NA,0.8,0.8,0.410391341,0.23570226,NA,0.43852901,NA,0.410391341,0.410391341,0.091766294,0.055555556,NA,0.121626064,NA,0.091766294,0.091766294,2.76,0.533508743,0.119296182,1.99,0.637346473,0.142515004,2.72,0.559699167,0.125152539,1.965,0.6547599,0.146408764,3.356904762,0.597288768,0.133557829,2.371806092,0.709119143,0.158563861,2.7,0.563821547,0.126074331,1.965,0.6547599,0.146408764,3.319761905,0.608116002,0.135978872,2.345169302,0.714146165,0.159687937,5.3125,2.723148126,0.962778253,5.3125,2.723148126,0.962778253,5.3125,2.723148126,0.962778253,5.3125,2.723148126,0.962778253,4,NA,NA,4,NA,NA,4,NA,NA,4,NA,NA
JN,JN.B,B,Akkeshi-bay,Pacific,West.Pacific,West,2014,43.052222,144.842699,1,July,7/28/2014,16,30,15,Shallow.Subtidal,1,NA,NA,NA,0.74,3.78,-0.057,,192.5770308,44.38942637,9.925777485,8.555191476,6.40663978,2.079817435,1.994394485,1.866311384,0.128083101,0.08542295,6.40663978,0.068734261,0.958829805,0.92002174,0.337483809,0.328741952,0.32887941,0.067485429,0.030593394,0.92002174,0.022478703,4.288017244,4.114462303,1.509273476,1.470178704,1.470793435,0.301804012,0.136817818,4.114462303,0.100527815,8.794787213,3.509869935,5.056406992,3.057532703,2.967869534,0.089663169,1.99887429,3.509869935,0.228510285,1.255031228,0.468260595,0.929072044,0.465480471,0.47009813,0.057746244,0.948228839,0.468260595,0.092186265,5.61267028,2.094125044,4.154936492,2.081691949,2.102342752,0.258249052,4.240608287,2.094125044,0.41226951,7.2,0.414220892,1.852452144,19,0.166186837,0.07790749,0.017420644,0.012883273,0.015118786,0.003380663,0.180334628,0.090985715,0.020345024,3.3746135,3.083967867,0.689596179,0.9575,70.026,247.431,0.040765698,4.961260875,37.74477976,0.009115487,1.109371657,8.439989333,JN,JN.B,83.65,0,208.375,0,0,292.025,208.375,83.65,38.98214841,0,116.0206283,0,0,116.0206283,38.98214841,8.716673376,0,25.94300116,0,0,25.94300116,8.716673376,2.361092579,33.90552483,0.279662982,0.279662982,0.062534544,0.369026134,0.55,0,NA,0.25,NA,1,0.55,0.510417786,0,NA,0.444261658,NA,0,0.510417786,0.114132887,0,NA,0.099339927,NA,0,0.114132887,2.135,0.348341937,0.077891625,1.41,0.300700936,0.067238773,2.23,0.571332699,0.127753875,2.03,0.577745163,0.129187746,2.762095238,0.659955576,0.147570553,2.391305861,0.645020919,0.144231062,1.968421053,0.374243877,0.085857434,1.910526316,0.357296542,0.081969448,2.319298246,0.527344359,0.120981093,2.047992796,0.33440833,0.076718532,5.975,2.243562219,0.793219029,5.975,2.243562219,0.793219029,6.033333333,2.190310553,0.774391722,6.033333333,2.190310553,0.774391722,1.625,0.191599912,0.042843043,1.25,0.258538402,0.057810944,1.758666667,0.330469098,0.073895137,1.436272192,0.150823001,0.033725048
JS,JS.A,A,Ikunoshima,Pacific,West.Pacific,West,2014,34.297834,132.91631,1,July,7/8/2014,22,32.5,14.2,Subtidal,2,73.515,24.135,0,1,5.59,0.0855,,120.9574739,28.47043515,6.366182835,1.970694737,0.210419169,1.478657833,0.897254137,0.783617103,0.113637034,0,0.210419169,0.281617735,0.317510361,0.07814581,0.290084081,0.196366101,0.157107569,0.067239575,0,0.07814581,0.078786234,1.4199495,0.349478687,1.297295448,0.8781759,0.702606407,0.30070452,0,0.349478687,0.352342748,0.871572241,0.123283448,0.544079405,0.23341236,0.177002595,0.056409765,0,0.123283448,0.204209389,0.300473155,0.05811398,0.173006051,0.064910703,0.047844454,0.030591777,0,0.05811398,0.138466583,1.3437568,0.25989362,0.773706579,0.290289489,0.213966902,0.136810585,0,0.25989362,0.619241386,3.1,0.369209682,1.651155895,9,0.007964336,0.005433465,0.00121496,0,0,0,0.007964336,0.005433465,0.00121496,0.098333333,0.124324843,0.050755405,0.959875,21.82425,97.7775,0.076624834,3.374200597,9.289395128,0.017133834,0.754494191,2.077171898,JS,JS.A,179.1,0,411.375,0,0,590.475,411.375,179.1,74.23462095,0,198.1766141,0,0,198.1766141,74.23462095,16.59936587,0,44.31363808,0,0,44.31363808,16.59936587,1.401457006,34.62484608,0.194725318,0.194725318,0.043541905,0.146630779,0.764705882,0.333333333,NA,0.166666667,NA,0.9,0.764705882,0.437237316,0.487950036,NA,0.389249472,NA,0.307793506,0.437237316,0.106045626,0.125988158,NA,0.112366644,NA,0.06882472,0.106045626,1.416666667,0.307264975,0.072423049,1.333333333,0.334312288,0.078798162,1.4,0.4168333,0.101096925,1.235294118,0.316111484,0.076668296,1.423921569,0.441531796,0.10708719,1.30496053,0.268621168,0.065150203,1.242857143,0.191006588,0.051048658,1.185714286,0.287849167,0.076930926,1.252380952,0.200731264,0.053647687,1.196428571,0.193282329,0.051656875,NA,NA,NA,NA,NA,NA,NA,NA,NA,NA,NA,NA,1.5,0.590668172,0.186785676,1.48,0.605162972,0.191369335,1.5,0.590668172,0.186785676,1.497142857,0.592347266,0.187316653
JS,JS.B,B,Onoura,Pacific,West.Pacific,West,2014,34.274018,132.26617,1,June,6/19/2014,20.4,30.4,14.27,Subtidal,1.98,18.895,79.625,0.27,1,5.86,0.0454,,95.49274254,42.58059931,9.521311458,5.82771841,0.85325589,3.233762366,1.637015003,1.561819782,0.075195221,0.080835029,0.85325589,1.740700155,0.996713525,0.200804486,0.722507082,0.502094343,0.481418345,0.036922292,0.033701964,0.200804486,0.337891677,4.457438392,0.898024963,3.231149899,2.245434166,2.152968288,0.165121509,0.150719766,0.898024963,1.511097519,8.951778266,1.602400708,4.31155358,1.673693179,1.380082576,0.293610603,0.333542786,1.602400708,3.037823978,1.701424732,0.878309765,0.925640734,0.491727021,0.395780731,0.14595388,0.171456474,0.878309765,0.866288236,7.609002717,3.927920679,4.139591209,2.19907009,1.769985238,0.652725594,0.766776662,3.927920679,3.874158768,4.5,0.380442955,1.701392618,13,0.007764025,0.010105847,0.002917307,0,0,0,0.007764025,0.010105847,0.002917307,103.149,59.4383477,13.29081859,0.884,17.957,86.327,0.083249783,3.937748622,17.15778697,0.018615217,0.88050736,3.836597801,JS,JS.B,53.825,0,148.9,0,0,202.725,148.9,53.825,32.8374285,0,71.93429019,0,0,71.93429019,32.8374285,7.342672233,0,16.08499628,0,0,16.08499628,7.342672233,1.324974787,35.1538063,0.161004034,0.161004034,0.036001596,0.159677635,0.95,0.3,NA,0.3,NA,0.8,0.95,0.223606798,0.470162346,NA,0.470162346,NA,0.410391341,0.223606798,0.05,0.105131497,NA,0.105131497,NA,0.091766294,0.05,2.42,0.675589411,0.151066385,2.34,0.601226816,0.134438403,2.357894737,0.56697618,0.130073256,2.363157895,0.540792142,0.124066226,2.620877193,0.732447986,0.168035092,2.426321258,0.648164933,0.148699234,2.007142857,0.329251566,0.087996182,2.085714286,0.231573689,0.061890672,2.045238095,0.302583503,0.080868843,2.047444857,0.280979468,0.075094921,3.7,0.6,0.3,3.7,0.6,0.3,3.7,0.6,0.3,3.7,0.6,0.3,2.1375,1.674863178,0.418715795,2.16875,1.66000753,0.415001883,2.15,1.669198078,0.417299519,2.1675,1.657712614,0.414428154
KO,KO.A,A,Dongdae bay,Pacific,West.Pacific,West,2014,34.89466111,128.0202722,1,July,7/17/2014,23.8,31.3,14.14,Intertidal,0.4,76,18.61,0,0.95,5.42,-0.0096,,78.82165606,22.79907814,5.098028854,8.829374248,6.566763297,0.5288393,0.5288393,0.501718799,0.027120501,0,6.566763297,1.733771651,0.88027385,0.649411243,0.191640524,0.191640524,0.193579581,0.020763884,0,0.649411243,0.262737195,3.837024754,2.830717982,0.835341679,0.835341679,0.843793832,0.09050767,0,2.830717982,1.145244881,39.52294901,37.70474762,0.338009113,0.338009113,0.317438076,0.020571037,0,37.70474762,1.480192282,3.848432789,3.759459378,0.191849769,0.191849769,0.193101333,0.014368149,0,3.759459378,0.369367543,16.77492962,16.38710351,0.836253757,0.836253757,0.841709198,0.062629312,0,16.38710351,1.610035795,4.65,0.318508035,1.424411236,18,0.10317407,0.028752868,0.006429337,0,0,0,0.10317407,0.028752868,0.006429337,0,0,0,1.0745,26.405,118.137,0.078771822,7.800949672,10.60866036,0.017613915,1.744345376,2.372168573,KO,KO.A,39.325,0,119.725,0,0,159.05,119.725,39.325,20.22522851,0,35.11952336,0,0,35.11952336,20.22522851,4.522498582,0,7.852964157,0,0,7.852964157,4.522498582,2.503896284,34.13278961,0.250081479,0.250081479,0.055919919,0.176961573,NA,0.05,0.05,0.4,NA,1,0.05,NA,0.223606798,0.223606798,0.50262469,NA,0,0.223606798,NA,0.05,0.05,0.112390297,NA,0,0.05,2.45,0.289282233,0.064685474,3.21,0.723951147,0.161880398,1.65,0.600757098,0.173423636,1.525,0.577022136,0.166571943,1.666666667,0.603524999,0.17422266,1.61547619,0.558139579,0.161121018,1.345454545,0.344568241,0.103891234,1.345454545,0.369766511,0.111488798,1.363636364,0.366804382,0.110595682,1.353246753,0.361916154,0.109121826,NA,NA,NA,NA,NA,NA,NA,NA,NA,NA,NA,NA,3.01,0.563728191,0.126053456,3.79,0.447095892,0.099973681,3.184166667,0.494947425,0.110673609,3.480952061,0.328849712,0.073533031
KO,KO.B,B,Koje bay,Pacific,West.Pacific,West,2014,34.80097222,128.5836944,1,June,6/27/2014,23.3,33.6,14.25,Intertidal,0.76,NA,NA,NA,0.53,3.45,-0.0831,,160.8280255,52.91347668,11.83181308,3.46311633,0.509343375,0.834941372,0.799550365,0.538369113,0.261181252,0,0.509343375,2.118831582,0.50793879,0.144215377,0.166147005,0.162538676,0.130667494,0.093089659,0,0.144215377,0.391336827,2.271571327,0.644950771,0.743031993,0.726895057,0.584362797,0.416309611,0,0.644950771,1.750111492,3.68860468,0.73452356,0.668272006,0.668272006,0.260873923,0.407398083,0,0.73452356,2.285809113,0.713575805,0.332616828,0.172010037,0.172010037,0.071166692,0.149261156,0,0.332616828,0.592778876,3.191208014,1.487507676,0.769252273,0.769252273,0.31826712,0.667516181,0,1.487507676,2.650987727,3.85,0.412150969,1.843195166,17,0.040980465,0.015989613,0.003575386,0,0,0,0.040980465,0.015989613,0.003575386,0,0,0,0.932,16.68,77.973,0.064039462,3.480308516,12.82128374,0.014319659,0.778220643,2.866926201,KO,KO.B,110.175,0,190.825,0,0,301,190.825,110.175,24.45580063,0,66.66062418,0,0,66.66062418,24.45580063,5.468483264,0,14.90576871,0,0,14.90576871,5.468483264,1.092617166,35.12272682,0.095735395,0.095735395,0.021407085,0.119848451,1,0,NA,0.142857143,NA,0.947368421,1,0,0,NA,0.36313652,NA,0.229415734,0,0,0,NA,0.097052317,NA,0.052631579,0,1.935,0.563144368,0.125922909,1.795,0.676270734,0.151218733,1.9625,1.184271928,0.296067982,2.075,1.406413879,0.35160347,2.259375,1.223791448,0.305947862,2.306880411,1.312308937,0.328077234,1.407142857,0.501481322,0.134026521,1.328571429,0.513552591,0.137252703,1.442857143,0.513647685,0.137278118,1.388441558,0.499629669,0.133531646,NA,NA,NA,NA,NA,NA,NA,NA,NA,NA,NA,NA,1.676923077,0.474611852,0.131633644,1.838461538,1.1955044,0.331573262,1.81025641,0.641812338,0.178006715,1.864358974,0.879024485,0.243797527
LI,LI.1,1,Site 1 (Landscape Lab),Atlantic,West.Atlantic,West,2014,40.85762,-72.45119,2,September,9/29/2014,20.3,31.4,12.4,Shallow.Subtidal,1,15.075,84.565,0,0.68,4.72,0.0614,,298.2054066,171.4838377,39.34109047,3.182643809,0.434061646,2.708340715,2.584783102,2.415118933,0.16966417,0,0.474303094,0,0.697081839,0.201030597,0.550690212,0.562397614,0.537570001,0.096824001,0,0.200484451,0,3.117444757,0.899036162,2.462761498,2.515118591,2.404086128,0.433010097,0,0.896593724,0,1.047354563,0.262164538,0.769294653,0.769294653,0.743112164,0.026182488,0,0.278059911,0,0.301908807,0.13690427,0.205881079,0.205881079,0.197822519,0.017321543,0,0.136223306,0,1.350177229,0.61225451,0.920728174,0.920728174,0.884689198,0.077464297,0,0.609209145,0,1.65,0.181731439,0.812727701,7,0.269496222,0.136326964,0.030483636,0,0,0,0.277006002,0.134536292,0.030083229,39.85282,24.93701298,5.576085617,0.433,11.368,43.233,0.037430638,2.466912837,6.305003109,0.008369745,0.55161848,1.409841555,LI,LI.1,480.9,0,99.85,0,0,580.75,99.85,480.9,248.4325917,0,52.02228773,0,0,52.02228773,248.4325917,55.55121629,0,11.63253717,0,0,11.63253717,55.55121629,1.758885308,35.64000092,0.142057519,0.142057519,0.03259023,0.572266406,NA,NA,NA,0.4,1,1,1,NA,NA,NA,0.50262469,0,0,0,NA,NA,NA,0.112390297,0,0,0,1.57,0.84048858,0.18793896,1.42,0.711262776,0.159043192,1.55,0.851932787,0.190497962,1.375,0.701033072,0.15675576,1.586666667,0.851307903,0.190358234,1.482880952,0.747683194,0.167187045,1.322222222,0.333529354,0.078613623,1.238888889,0.350023342,0.082501293,1.325925926,0.334811537,0.078915836,1.284876543,0.334441543,0.078828628,NA,NA,NA,NA,NA,NA,NA,NA,NA,NA,NA,NA,1.55,0.250998008,0.102469508,1.6,0.309838668,0.126491106,1.55,0.250998008,0.102469508,1.566666667,0.265832027,0.108525471
LI,LI.2,2,"Site 2 (Tiana Beach, Summer)",Atlantic,West.Atlantic,West,2014,40.83158,-72.54082,2,September,9/29/2014,18.8,30,11.8,Shallow.Subtidal,1.5,21.6,77.965,0,0.79,4.97,0.0398,Missing all epibiota data from timepoint 1,323.083779,85.33322583,19.08108937,6.05266916,0.18670872,5.856726829,5.808414157,5.808414157,0,0.017888354,0.195942331,0,1.036069722,0.063319744,1.016742655,1.021069458,1.021069458,0,0.010064459,0.065292261,0,4.516123216,0.276004367,4.431878484,4.45073858,4.45073858,0,0.043869962,0.284602367,0,2.169964998,0.332502039,1.827453212,1.786938369,1.786938369,0,0.040514843,0.342511786,0,0.317933901,0.220622196,0.293988737,0.302305637,0.302305637,0,0.036445625,0.221691227,0,1.348879305,0.936020706,1.247288576,1.282574194,1.282574194,0,0.154625692,0.940556218,0,2.888888889,0.290243181,1.231397527,13,0.087383663,0.031334212,0.007188561,0,0,0,0.092665848,0.033650325,0.007719914,3.2509,2.352734584,0.55454486,0.447,12.593,48.045,0.036863903,2.346726948,8.189636262,0.008243019,0.524744098,1.831258339,LI,LI.2,257.925,0,103.175,0,0,361.1,103.175,257.925,89.41406857,0,47.90925496,0,0,47.90925496,89.41406857,19.99359355,0,10.71283508,0,0,10.71283508,19.99359355,1.509795156,34.05775518,0.284589962,0.284589962,0.06363625,0.367007614,NA,NA,NA,0.105263158,1,0.777777778,1,NA,NA,NA,0.315301768,0,0.427792632,0,NA,NA,NA,0.072335186,0,0.10083169,0,1.677777778,0.582646655,0.137331134,1.311111111,0.651594324,0.153582255,1.544444444,0.245482052,0.057860675,1.2,0.274397736,0.064676167,1.68962963,0.337148537,0.079466672,1.33954393,0.235825207,0.055584534,1.494444444,0.215494567,0.050792557,1.188888889,0.26983413,0.063600514,1.594814815,0.270342852,0.063720421,1.296759173,0.208522725,0.049149278,3,1.414213562,1,3,1.414213562,1,3,1.414213562,1,3,1.414213562,1,1.936363636,1.273791763,0.384062667,1.872727273,1.272863629,0.383782824,1.942424242,1.271140425,0.383263259,1.915151515,1.271098706,0.38325068
MA,MA.A,A,Dorothy Cove,Atlantic,West.Atlantic,West,2011,42.42014,-70.91544,1,June,6/15/2014,15.1,32.35,15.25,Shallow.Subtidal,1,1.66,65.75,0,0.74,4.87,-0.0115,,214.8586707,95.70192735,21.39960151,10.90481202,10.31514094,0.58967108,0,0,0,0.083972443,0,0,1.348597775,1.316425171,0.119800246,0,0,0,0.03014186,0,0,6.031112599,5.887232341,0.535762989,0,0,0,0.134798498,0,0,0.487627976,0,0.487627976,0,0,0,0.487627976,0,0,0.175033784,0,0.175033784,0,0,0,0.175033784,0,0,0.782774878,0,0.782774878,0,0,0,0.782774878,0,0,2.35,0.254175654,1.136708082,6,0.019388689,0.011645215,0.002603949,0,0,0,0.019388689,0.011645215,0.002603949,NA,NA,NA,0.4315,16.461,58.197,0.051837296,8.375597324,8.712087852,0.011591172,1.872840497,1.948082066,MA,MA.A,629,0,192.4473684,0,0,821.4473684,192.4473684,629,352.1591733,0,74.72596134,0,0,74.72596134,352.1591733,80.79085518,0,17.14331126,0,0,17.14331126,80.79085518,1.56806016,35.93935432,0.281458657,0.281458657,0.062936069,0.167364942,0.65,0.210526316,0.421052632,0.266666667,NA,0.6,0.55,0.489360485,0.418853908,0.507257274,0.457737708,NA,0.50262469,0.394034463,0.109424331,0.096091677,0.1163728,0.118187368,NA,0.112390297,0.088108784,1.79,0.219808529,0.049150681,1,0,0,1.71875,0.757380354,0.189345088,1.79375,1.123369188,0.280842297,1.95625,0.729253169,0.182313292,1.872237103,0.825952578,0.206488144,NA,NA,NA,NA,NA,NA,NA,NA,NA,NA,NA,NA,4,0,0,4,0,0,4,0,0,4,0,0,NA,NA,NA,NA,NA,NA,NA,NA,NA,NA,NA,NA
MA,MA.B,B,Niles Beach,Atlantic,West.Atlantic,West,2014,42.59697,-70.6556,1,June,6/18/2014,14.8,32.15,15,Shallow.Subtidal,1.5,NA,NA,NA,0.89,5.56,0.0093,,318.3091419,107.3245773,23.99850506,11.29319569,8.29807457,2.99512112,1.688306269,0,1.688306269,0.029406611,0,0,1.121792261,1.004662481,0.319567409,0.254445856,0,0.254445856,0.016912072,0,0,5.016807503,4.492987205,1.429148901,1.137916461,0,1.137916461,0.075633084,0,0,1.006974302,0,1.006974302,0.894440368,0,0.894440368,0.112533934,0,0,0.170103443,0,0.170103443,0.151645159,0,0.151645159,0.074937648,0,0,0.760725724,0,0.760725724,0.678177767,0,0.678177767,0.335131348,0,0,3.5,0.170139262,0.76088591,7,0.015250881,0.00526717,0.001177775,0,0,0,0.015250881,0.00526717,0.001177775,0,0,0,0.496,8.956,39.98975,0.060732372,2.840323184,8.961545695,0.013580171,0.635115572,2.003862536,MA,MA.B,155.5,0,115.2105263,0,0,270.7105263,115.2105263,155.5,54.68419434,0,46.95574624,0,0,46.95574624,54.68419434,12.54541458,0,10.77238698,0,0,10.77238698,12.54541458,1.998453349,34.9372921,0.337348904,0.337348904,0.075433508,0.138158709,0.533333333,0.052631579,0.333333333,0.133333333,NA,0.421052632,0.394736842,0.516397779,0.229415734,0.48507125,0.351865775,NA,0.507257274,0.42749098,0.133333333,0.052631579,0.11433239,0.090851353,NA,0.1163728,0.098073157,1.835,0.181441596,0.040571574,1.05,0.127733275,0.028562029,1.865,0.29607076,0.066203434,1.71,0.44355027,0.099180856,2.047166667,0.320157627,0.071589422,1.87765832,0.339022402,0.075807714,NA,NA,NA,NA,NA,NA,NA,NA,NA,NA,NA,NA,3.333333333,1.154700538,0.666666667,3.333333333,1.154700538,0.666666667,3.333333333,1.154700538,0.666666667,3.333333333,1.154700538,0.666666667,NA,NA,NA,NA,NA,NA,NA,NA,NA,NA,NA,NA
MX,MX.A,A,San Quintin Bay,Pacific,East.Pacific,East,2014,30.419675,-115.9641889,1,June,6/13/2014,17.855,34,14.08,Intertidal,0.438,10.44,89.575,0,0.68,4.47,0.1184,,358.0977846,130.1712547,29.10717742,72.93941867,2.510137201,67.1886419,65.55361048,65.49597925,0.057631227,0.099392871,2.510137201,3.240639571,12.6027651,0.47386776,11.56639031,11.38602098,11.38909759,0.029197291,0.068738981,0.47386776,0.925728728,56.36127892,2.119201049,51.72646998,50.9198338,50.93359283,0.130574256,0.307410069,2.119201049,4.139984729,30.69107241,11.01248963,18.09949012,17.81829398,17.80305762,0.015236357,0.281196142,11.01248963,1.57909266,5.568079308,3.403220296,2.858608561,2.776679859,2.775235598,0.007865909,0.261279583,3.403220296,0.325581974,24.90120767,15.21966385,12.78408613,12.41768983,12.4112309,0.035177416,1.168477815,15.21966385,1.456046853,8.6,0.419272553,1.875043859,20,0.434633436,0.142377373,0.031836549,0.000196002,0.000604758,0.000135228,0.434829438,0.142166349,0.031789362,134.266,83.45194277,18.66042169,0.75625,20.634,80.54225,0.056127791,1.248140301,4.834700359,0.012550556,0.279092656,1.081071865,MX,MX.A,161.55,0,241.375,0,0,402.925,241.375,161.55,44.3846524,0,76.71013022,0,0,76.71013022,44.3846524,9.924709992,0,17.15290657,0,0,17.15290657,9.924709992,2.205975682,32.31335344,0.201914039,0.201914039,0.045149352,0.208574534,NA,0,NA,0.45,0.55,0.8,0.55,NA,0,NA,0.510417786,0.510417786,0.410391341,0.510417786,NA,0,NA,0.114132887,0.114132887,0.091766294,0.114132887,2.19,0.362593001,0.08107826,1.16,0.201049876,0.044956119,1.875,0.415331193,0.092870878,1.14,0.195744194,0.043769732,2.296333333,0.564992263,0.126336111,1.264104202,0.20654775,0.046185481,1.455,0.303445131,0.067852394,1.12,0.188064938,0.042052599,1.526666667,0.386255074,0.08636926,1.221725542,0.205836441,0.046026427,2.7,1.838477631,1.3,2.7,1.838477631,1.3,2.7,1.838477631,1.3,2.7,1.838477631,1.3,2.684210526,0.680084274,0.156022033,2.763157895,0.810494037,0.185940084,2.80877193,0.674278041,0.154689992,2.811135005,0.700306633,0.16066136
MX,MX.B,B,Punta Banda Estuary,Pacific,East.Pacific,East,2014,31.7584722,-116.6227778,1,July,7/11/2014,25.416,33,14.12,Intertidal,0.324,42.425,55.44,0,1,6.37,0.1127,,1807.995926,622.373741,139.1669992,171.2454977,7.812682555,163.1961025,159.0780143,159.0780143,0,3.383742187,7.812682555,0.236712612,41.32454482,1.047606123,41.08257548,40.72284859,40.72284859,0,0.845531712,1.047606123,0.153078222,184.8089827,4.685037008,183.7268629,182.1181154,182.1181154,0,3.781332772,4.685037008,0.684586619,89.56501379,19.90886097,69.56087995,63.92759248,63.92759248,0,5.633287465,19.90886097,0.095272871,15.95941603,6.303225186,14.83310585,13.49984791,13.49984791,0,2.028576241,6.303225186,0.053418966,71.37267827,28.18887999,66.33566599,60.37315524,60.37315524,0,9.072068747,28.18887999,0.238896879,9.05,0.45,2.01246118,22,0.508317662,0.431659999,0.09652211,0,0,0,0.508317662,0.431659999,0.09652211,2.238383333,3.264619049,0.942414343,0.313,10.6022,45.6221,0.034351128,2.43090842,10.74893933,0.007681146,0.543567647,2.403535902,MX,MX.B,186.175,0,155.75,0,0,341.925,155.75,186.175,53.81627493,0,73.77517412,0,0,73.77517412,53.81627493,12.0336849,0,16.49663044,0,0,16.49663044,12.0336849,2.91432761,36.4090972,0.496646863,0.496646863,0.111053615,0.883430003,NA,0.05,NA,0.9,0.8,0.85,0.8,NA,0.223606798,NA,0.307793506,0.410391341,0.366347549,0.410391341,NA,0.05,NA,0.06882472,0.091766294,0.081917802,0.091766294,2.16,0.364763802,0.081563666,1.25,0.193309133,0.043225236,1.975,0.291773164,0.065242463,1.25,0.193309133,0.043225236,2.303333333,0.350207958,0.07830888,1.39355241,0.164050661,0.036682843,1.85,0.305217782,0.068248771,1.25,0.193309133,0.043225236,2.048,0.396555933,0.088672602,1.369446597,0.16640041,0.037208263,2.070588235,0.939258155,0.227803564,2.1,1.098294132,0.266375454,2.254901961,0.914310698,0.221752917,2.206666667,0.995444659,0.241430793,2.15,1.006034424,0.224956136,1.915,1.057939905,0.236562554,2.362,1.024162131,0.229009614,2.155414237,1.014343566,0.226814117
NC,NC.A,A,Middle Marsh,Atlantic,West.Atlantic,West,2011,34.692458,-76.622589,1,May,5/23/2014,22.6,34,14.15,Intertidal,0.079,NA,NA,NA,1,6.15,0.0832,,590.6402965,230.8879865,54.42082032,54.75148148,23.01927806,30.04571738,25.83004224,25.42398987,0.406052365,0.258174871,22.96804939,0,19.8422296,15.5231757,5.52473975,5.339594403,5.346912104,0.220383784,0.118739187,15.52703687,0,88.73714841,69.42175218,24.70738728,23.87939212,23.91211787,0.985586243,0.531017787,69.43901987,0,20.24474994,9.9744944,10.21445963,9.912605962,9.71223005,0.200375912,0.135305229,10.55820032,0,6.771665002,5.809214016,1.915886872,2.039980129,2.03615907,0.10987645,0.075475742,6.093146691,0,30.28380653,25.97959487,8.568106567,8.89206723,8.87541162,0.478940343,0.328991132,26.55941067,0,8.3,1.015925816,4.543358368,41,0.223153817,0.106996062,0.023925047,0,0,0,0.223153817,0.106996062,0.023925047,1.54681,2.331056946,0.521240179,0.4435,9.9025,45.358,0.03116594,1.754335607,8.236974151,0.006968916,0.392281367,1.841843413,NC,NC.A,194.25,0,148.25,0,0,342.5,148.25,194.25,131.1655744,0,69.04222583,0,0,69.04222583,131.1655744,29.32951406,0,15.43831103,0,0,15.43831103,29.32951406,1.657610905,34.28665457,0.280968435,0.280968435,0.062826452,0.943627819,0.833333333,NA,0.333333333,0,NA,1,0.710526316,0.383482494,NA,0.5,0,NA,0,0.346241304,0.090387691,NA,0.166666667,0,NA,0,0.079433203,1.66,0.364763802,0.081563666,1.24,0.351537974,0.078606281,1.6,0.42031734,0.096427411,1.215789474,0.34361341,0.078830323,1.729649123,0.624405786,0.143248512,1.36154454,0.428885237,0.098393021,1.4,0.364005494,0.0882843,1.117647059,0.187867287,0.04556451,1.458823529,0.455144881,0.110388848,1.196699808,0.164965623,0.040010041,1.228571429,0.213808994,0.080812204,1.228571429,0.213808994,0.080812204,1.228571429,0.213808994,0.080812204,1.228571429,0.213808994,0.080812204,1.85,0.55987636,0.149633251,1.778571429,0.612910549,0.163807234,1.892857143,0.538147911,0.143826079,1.840952381,0.560889371,0.14990399
NC,NC.B,B,Shackleford Island,Atlantic,West.Atlantic,West,2014,34.670544,-76.574561,1,May,5/25/2014,24.4,25,14.2,Intertidal,0.177,20.835,78.49,0,1,6.66,0.1063,,419.3722944,117.440545,26.2605042,5.849599415,1.04211902,4.807480395,3.362587195,2.538703208,0.823883986,0.970736222,1.04211902,0,0.782532361,0.265148611,0.814901089,0.651689398,0.458183685,0.498069567,0.391063293,0.265148611,0,3.499591109,1.185780635,3.64434846,2.91444359,2.049059733,2.227434819,1.748888214,1.185780635,0,4.273007237,1.988295685,2.284711552,1.113591379,0.94179724,0.171794139,1.082916431,1.988295685,0,0.773957908,0.588539027,0.599346819,0.222535966,0.21377205,0.090699946,0.435992814,0.588539027,0,3.461244989,2.632026545,2.680360458,0.995211094,0.95601767,0.405622492,1.94981914,2.632026545,0,4.85,0.608168086,2.719810365,23,0.301817744,0.063000857,0.01408742,0,0,0,0.301817744,0.063000857,0.01408742,0.212185,0.25758041,0.057596731,0.3485,6.1345,25.674,0.02796144,0.701738255,3.429155796,0.006252368,0.156913444,0.766782547,NC,NC.B,217.65,0,151.2,33.65,0,368.85,184.85,217.65,86.77937846,0,53.18349566,30.06882456,0,60.34224757,86.77937846,19.40445893,0,11.89219116,6.723593572,0,13.49293675,19.40445893,1.536371273,35.05208044,0.126029877,0.126029877,0.028181137,0.384451041,0.8,NA,0.444444444,0.111111111,NA,1,0.647058824,0.414039336,NA,0.527046277,0.333333333,NA,0,0.424437344,0.106904497,NA,0.175682092,0.111111111,NA,0,0.102941176,1.773684211,0.361850345,0.083014163,1.442105263,0.40182333,0.092184594,1.542105263,0.464657328,0.106599702,1.347368421,0.406021922,0.093147817,1.623684211,0.498680846,0.114405232,1.487324079,0.413345411,0.094827941,1.294117647,0.311188424,0.075474279,1.2,0.285043856,0.06913329,1.298039216,0.305839144,0.074176888,1.24751634,0.269420254,0.06534401,2.09,0.996047745,0.314977953,2.09,0.996047745,0.314977953,2.083333333,0.996939762,0.315260034,2.085,0.996675028,0.315176317,2.346153846,0.6814389,0.188997146,2.3,0.816496581,0.226455407,2.366666667,0.670544279,0.185975521,2.341794872,0.69672862,0.193237751
NN,NN.A,A,Misvaerfjorden,Atlantic,East.Atlantic,East,2014,67.2147,15.0083,1,June,6/17/2014,8,24.5,24,Subtidal,,9.23,90.775,0,0.32,3.37,0.1231,,185.9,85.35369138,19.0856656,8.893139896,8.70630433,0.186835566,0.093417783,0.093417783,0,0.093417783,8.70630433,0,3.188736824,3.211522006,0.186835566,0.093417783,0.093417783,0,0.093417783,3.211522006,0,13.89938157,13.99869988,0.814397351,0.407198676,0.407198676,0,0.407198676,13.99869988,0,8.682433763,8.543864193,0.13856957,0.0851036,0.0851036,0,0.05346597,8.543864193,0,5.660161302,5.663822935,0.107675948,0.0851036,0.0851036,0,0.0385166,5.663822935,0,24.67207112,24.68803181,0.469348578,0.370957994,0.370957994,0,0.167889965,24.68803181,0,1.2,0.155597321,0.695852374,6,0.092563423,0.040812236,0.009125893,0,0,0,0.092563423,0.040812236,0.009125893,8.934855,10.993878,2.458305854,0.3075,3.0775,22.8775,0.03354102,0.842376807,2.359051716,0.0075,0.18836118,0.5275,NN,NN.A,67.9,0,30.9,0,0,98.8,30.9,67.9,44.71653409,0,18.57530902,0,0,18.57530902,44.71653409,9.998920994,0,4.153565368,0,0,4.153565368,9.998920994,2.404409462,38.22035227,0.494694054,0.494694054,0.110616953,1.088059664,0.2,0,NA,0.05,NA,0.1,0.2,0.410391341,0,NA,0.223606798,NA,0.307793506,0.410391341,0.091766294,0,NA,0.05,NA,0.06882472,0.091766294,1.661111111,1.600418654,0.377222294,1.661111111,1.601888183,0.377568666,4.75,4.596194078,3.25,4.75,4.596194078,3.25,4.75,4.596194078,3.25,4.75,4.596194078,3.25,2,NA,NA,2,NA,NA,2,NA,NA,2,NA,NA,4.5,4.949747468,3.5,4.5,4.949747468,3.5,4.5,4.949747468,3.5,4.5,4.949747468,3.5,1.652941176,1.647011554,0.399458977,1.652941176,1.648528756,0.399826952,1.656862745,1.646450927,0.399323005,1.657647059,1.646904405,0.399432989
NN,NN.B,B,Rövika,Atlantic,East.Atlantic,East,2014,67.26672333,15.25606333,1,June,6/20/2014,10.5,18.5,24,Subtidal,,3.055,96.945,0,0.74,2.3,0.0702,,651.875,134.4013897,30.05306436,10.48578393,10.3117844,0.173999527,0,0,0,0.13875351,10.3117844,0,0.946657914,0.965907792,0.093918984,0,0,0,0.089962682,0.965907792,0,4.233582895,4.319670965,0.420018465,0,0,0,0.402325346,4.319670965,0,5.481230232,4.069645193,1.411585039,0,0,0,1.411585039,4.069645193,0,1.370406841,0.42467587,1.373312754,0,0,0,1.373312754,0.42467587,0,6.128645709,1.899208229,6.141641343,0,0,0,6.141641343,1.899208229,0,3.5,0.235081173,1.051314966,8,0.088102212,0.047436295,0.010607078,0,0,0,0.088102212,0.047436295,0.010607078,5.951185,11.27313261,2.520749083,0.265,4.465,23.1725,0.06091409,1.668287808,6.691815012,0.013620805,0.373040494,1.496335326,NN,NN.B,259.45,0,68.05,0,0,327.5,68.05,259.45,143.5656736,0,35.693837,0,0,35.693837,143.5656736,32.10226054,0,7.981384592,0,0,7.981384592,32.10226054,1.726028872,38.11927624,0.293266461,0.293266461,0.065576374,0.285889608,0.25,0,NA,0,NA,0,0.25,0.444261658,0,NA,0,NA,0,0.444261658,0.099339927,0,NA,0,NA,0,0.099339927,1.4,0.177704663,0.039735971,1.23,0.186660401,0.041738535,2.95,3.37194306,1.68597153,2.95,3.37194306,1.68597153,2.95,3.37194306,1.68597153,2.95,3.37194306,1.68597153,NA,NA,NA,NA,NA,NA,NA,NA,NA,NA,NA,NA,3.6,3.810511777,2.2,3.6,3.810511777,2.2,3.6,3.810511777,2.2,3.6,3.810511777,2.2,1.385,0.163111199,0.036472773,1.23,0.186660401,0.041738535,1.5,0.257063944,0.057481245,1.293369191,0.128555817,0.028745955
OR,OR.A,A,Yaquina Bay,Pacific,East.Pacific,East,2014,44.61273333,-124.0141333,1,August,8/9/2014,17,36,14.22,Intertidal,,15.465,84.33,0,0.74,4.63,-0.1219,,170.2953909,58.67058718,13.11914212,1.293258407,0.016427993,0.633187982,0.328966981,0.315211823,0.013755158,0.304221001,0.016427993,0.643642432,0.146236765,0.011850872,0.087511174,0.074429245,0.074884874,0.013755158,0.067713442,0.011850872,0.086017285,0.653990696,0.052998709,0.391361867,0.332857701,0.334895338,0.061514937,0.30282372,0.052998709,0.384680991,2.953879131,0.002497055,2.20433731,0.428017132,0.425775041,0.002242091,1.776320179,0.002497055,0.747044765,0.715689859,0.001801332,0.592574296,0.095212864,0.095558229,0.002242091,0.583219092,0.001801332,0.183877401,3.200662352,0.008055804,2.650072814,0.425804871,0.427349393,0.010026935,2.608235072,0.008055804,0.822324737,3.2,0.224780595,1.00524938,8,0.713800473,0.18917501,0.045881679,0,0,0,0.713800473,0.18917501,0.045881679,3.193157895,3.417135013,0.783944537,0.866,43.941,117.72,0.086353009,6.324224021,16.56898561,0.01930912,1.414139482,3.704937815,OR,OR.A,79.35,0,286.8,0,0,366.15,286.8,79.35,48.76341921,0,142.8140491,0,0,142.8140491,48.76341921,10.90383202,0,31.9341922,0,0,31.9341922,10.90383202,2.879417765,35.13789263,0.266752197,0.266752197,0.059647605,0.334341284,0.9,0.125,0.3,0,NA,0.736842105,0.6,0.307793506,0.341565026,0.470162346,0,NA,0.452413928,0.307793506,0.06882472,0.085391256,0.105131497,0,NA,0.103790873,0.06882472,2.17,0.468030588,0.104654821,2.05,0.923665467,0.206537877,2.642105263,0.903890228,0.20736664,2.689473684,1.211470519,0.277930398,2.821578947,0.857138772,0.19664112,2.796825397,1.043119297,0.239307979,2.394117647,1.082514774,0.262548397,2.252941176,1.095512236,0.265700745,2.460784314,1.061395524,0.257426227,2.354307784,1.073406256,0.260339257,3.36875,1.248315532,0.312078883,3.5,1.404279175,0.351069794,3.388541667,1.249692092,0.312423023,3.454166667,1.281903966,0.320475991,1,0,0,1,0,0,1,0,0,1,0,0
OR,OR.B,B,Coos Bay,Pacific,East.Pacific,East,2014,43.34625,-124.3182833,1,August,8/9/2004,16,33,14.22,Intertidal,,NA,NA,NA,0.68,4.16,-0.0507,,216.4502165,59.86278917,13.38572659,6.731508301,4.801741303,1.438807731,0.276123453,0.247753721,0.028369732,1.162684278,4.801741303,0.490959268,0.570196116,0.442559816,0.22620656,0.079811258,0.074111235,0.025280842,0.172212648,0.442559816,0.068058278,2.549994552,1.979187663,1.011626489,0.356926798,0.33143552,0.113059363,0.770158377,1.979187663,0.304365873,8.33116171,2.720943185,4.922076322,0.189259549,0.183681999,0.005577549,4.732816774,2.720943185,0.688142203,0.817082373,0.409007595,0.663628825,0.080503424,0.080078505,0.005068165,0.662175588,0.409007595,0.148941388,3.65410346,1.82913757,2.967838328,0.360022256,0.35812196,0.022665524,2.961339256,1.82913757,0.666086135,4.7,0.341051007,1.525226472,11,0.01838567,0.009495232,0.002123198,0,0,0,0.01838567,0.009495232,0.002123198,63.121,29.79939913,6.663348214,0.816909722,29.22165278,106.328,0.051952455,3.176295761,14.15044653,0.011616922,0.710241324,3.164136035,OR,OR.B,162.15,0,315.725,0,0,477.875,315.725,162.15,69.95996976,0,115.833646,0,0,115.833646,69.95996976,15.64352481,0,25.90119066,0,0,25.90119066,15.64352481,2.493228829,36.00939617,0.224329375,0.224329375,0.050161573,0.13130646,0.944444444,0,0.052631579,0.25,NA,0.555555556,0.473684211,0.23570226,0,0.229415734,0.444261658,NA,0.511309993,0.20232566,0.055555556,0,0.052631579,0.099339927,NA,0.120516921,0.04641669,2.245,0.225890052,0.050510551,1.21,0.199736669,0.044662477,2.56,0.61336003,0.137151472,2.4,1.269479794,0.283864312,2.883666667,0.424966321,0.095025358,2.692923311,0.765027012,0.17106524,1.681818182,0.607977272,0.183312045,1.636363636,0.571441558,0.172296113,1.738787879,0.661626401,0.199487866,1.673636364,0.600126754,0.180945025,2.65,0.654940737,0.146449201,2.505,1.233085561,0.275726314,2.956166667,0.43299214,0.096819986,2.833933301,0.725614638,0.162252366,1.615,0.285205374,0.06377386,1.11,0.177408242,0.039669689,1.862333333,0.53249177,0.11906878,1.329026608,0.142910044,0.031955657
PO,PO.A,A,Culatatra,Atlantic,East.Atlantic,East,2014,36.997057,-7.82849,1,July,7/2/2014,20.53,36,14.65,Intertidal,,NA,NA,NA,0.42,3.68,0.0489,,251.4642221,86.95817703,19.4444395,0.919599622,0.87610382,0.043495802,0.023199123,0.019887261,0.003311861,0.00873343,0.873471775,0,0.124207208,0.121663402,0.01104545,0.007990272,0.007839758,0.001837061,0.003414655,0.121681646,0,0.55547152,0.544095273,0.049396754,0.035733584,0.035060464,0.008215586,0.0152708,0.544176865,0,3.697476443,3.672052507,0.025423937,0.010257966,0.009395229,0.000862738,0.01516597,3.624747187,0,0.586067535,0.58503375,0.007919612,0.003990952,0.00397664,0.000290198,0.00673156,0.573404511,0,2.620973697,2.616350467,0.035417581,0.017848078,0.017784076,0.001297806,0.030104451,2.564342928,0,3.7,0.423643346,1.894590638,15,0.047862953,0.011091021,0.002480028,0,0,0,0.047862953,0.011091021,0.002480028,51.22581,38.2044476,8.542774188,0.746,8.545,34.439,0.080811672,0.811311479,3.050746069,0.018070039,0.181414762,0.682167559,PO,PO.A,292.6315789,2.263157895,103.0526316,0.789473684,0,397.9473684,103.8421053,294.8947368,143.837953,9.864876556,50.25542943,3.441236008,0,51.58193392,144.1156537,32.99868955,2.263157895,11.52938622,0.789473684,0,11.83370722,33.06239845,1.286911014,32.91618414,0.248522195,0.248522195,0.055571252,0.204854892,0.85,0.05,NA,0.1,NA,1,0.85,0.366347549,0.223606798,NA,0.307793506,NA,0,0.366347549,0.081917802,0.05,NA,0.06882472,NA,0,0.081917802,2.442105263,0.380519805,0.08729723,2.852631579,0.889049693,0.203961988,1.963636364,0.62493636,0.188425402,1.936363636,0.657681879,0.198298548,1.987878788,0.605946959,0.182699882,1.963203463,0.620774481,0.187170549,1.45,0.258843582,0.10567245,1.416666667,0.392003401,0.160034718,1.461111111,0.257696347,0.105204093,1.444444444,0.284149152,0.116003406,2.416666667,0.421505239,0.172078793,2.416666667,0.421505239,0.172078793,2.416666667,0.421505239,0.172078793,2.416666667,0.421505239,0.172078793,2.557894737,0.4086778,0.093757117,2.989473684,0.857577166,0.196741695,2.774210526,0.506052066,0.116096306,2.996905488,0.329537344,0.075601052
PO,PO.B,B,Marim,Atlantic,East.Atlantic,East,2014,37.027333,-7.810105,1,June,6/27/2014,20.57,36,14.65,Intertidal,,NA,NA,NA,0.37,2.1,-0.4525,,346.9569646,123.4535047,27.60504285,0.659557359,0.641727857,0.017829502,0.017829502,0.017829502,0,0,0.641727857,0,0.141128656,0.141231884,0.012272707,0.012272707,0.012272707,0,0,0.141231884,0,0.631146539,0.631608188,0.054885213,0.054885213,0.054885213,0,0,0.631608188,0,7.542838212,7.53587678,0.006961432,0.006961432,0.006961432,0,0,7.53587678,0,2.038803312,2.037421634,0.004812501,0.004812501,0.004812501,0,0,2.037421634,0,9.117805597,9.111626547,0.021522161,0.021522161,0.021522161,0,0,9.111626547,0,1.25,0.17584383,0.786397516,4,0.048884558,0.021590725,0.004827833,0,0,0,0.048884558,0.021590725,0.004827833,23.20143,23.06857284,5.158289702,0.61625,6.681,27.6455,0.062341905,0.84413082,2.752077636,0.013940074,0.18875339,0.615383267,PO,PO.B,132.5555556,77.16666667,65.05555556,29.50722222,0,274.7777778,94.56277778,209.7222222,59.05054886,55.13752859,39.59273882,30.61084925,0,44.30884891,82.96973619,13.91834784,12.99604012,9.332098035,7.215046361,0,10.44369584,19.55615437,2.01355902,31.59210768,0.243048585,0.243048585,0.054347316,0.288718864,1,0,NA,0,NA,1,1,0,0,NA,0,NA,0,0,0,0,NA,0,NA,0,0,4.052941176,1.849025976,0.448454671,4.182352941,1.685317216,0.408749464,1.4,0,0,1.4,0,0,1.4,0,0,1.4,0,0,1.4,0,0,1.4,0,0,1.4,0,0,1.4,0,0,NA,NA,NA,NA,NA,NA,NA,NA,NA,NA,NA,NA,4.129411765,1.816165158,0.440484752,4.376470588,1.835595752,0.445197363,4.184313725,1.78625608,0.433230735,4.327908497,1.674237061,0.406062132
QU,QU.A,A,Pointe-Lebel,Atlantic,West.Atlantic,West,2014,49.11237,-68.17593,1,June,6/12/2014,15.47,16,16.183,Intertidal,NA,30.56,68.12,0,1,2.63,0.1617,,558.6325439,152.297221,34.0546939,17.44208162,13.10393061,4.338151008,2.514721427,2.514721427,0,1.823429581,13.10393061,0,2.956877123,2.310858927,1.255044416,0.720833943,0.720833943,0,0.729795051,2.310858927,0,13.2235565,10.3344753,5.61272926,3.223667395,3.223667395,0,3.263742688,10.3344753,0,32.14919527,23.43354341,8.715651855,8.042860095,8.042860095,0,0.672791759,23.43354341,0,6.086887979,3.700740662,4.731073786,4.717911598,4.717911598,0,0.262563207,3.700740662,0,27.22139058,16.55021537,21.15800518,21.09914209,21.09914209,0,1.174218358,16.55021537,0,2.75,0.239242225,1.069923755,6,0.077650192,0.062656077,0.014010325,0,0,0,0.077650192,0.062656077,0.014010325,0,0,0,0.357375,8.4425,33.017,0.033260089,1.459285604,6.266072471,0.007437182,0.326306181,1.4011364,QU,QU.A,221.675,0,66.75,0,0,288.425,66.75,221.675,77.40482696,0,17.0127661,0,0,17.0127661,77.40482696,17.30824549,0,3.804170149,0,0,3.804170149,17.30824549,3.049589658,42.03823528,0.349999211,0.349999211,0.078262203,0.647540773,0.3,0,NA,0,NA,0.8,0.3,0.470162346,0,NA,0,NA,0.410391341,0.470162346,0.105131497,0,NA,0,NA,0.091766294,0.105131497,2.07,0.33102711,0.074019912,2.09,0.511859356,0.114455231,1.658823529,0.597974522,0.145030125,1.882352941,1.155549271,0.280261865,1.844117647,0.691840871,0.167796058,1.827366947,0.82229113,0.199434893,2.02,0.912766595,0.235675321,2.22,1.33641311,0.345060381,2.126666667,0.889729761,0.229727236,2.137238095,1.015039805,0.262082151,1.357142857,0.303097562,0.081006231,1.35,0.284875141,0.076136084,1.361904762,0.304343807,0.081339304,1.354761905,0.293405336,0.078415874,2.145,0.283725219,0.063442888,2.27,0.431765043,0.096545599,2.248,0.320707186,0.071712307,2.265622652,0.267324962,0.059775679
QU,QU.B,B,Baie-St-Ludger,Atlantic,West.Atlantic,West,2014,49.08696,-68.32041,1,June,6/13/2014,15.37,21,16.2,Intertidal,NA,25.665,73.435,0,1,3.89,0.3312,,622.2943723,206.1521407,46.09702003,6.962459559,6.772754785,0.183644168,0.051389673,0.051389673,0,0.132254495,6.772754785,0.006060606,0.678991045,0.6645313,0.041284462,0.021134205,0.021134205,0,0.02870076,0.6645313,0.006060606,3.036540266,2.971874322,0.184629726,0.094515039,0.094515039,0,0.128353702,2.971874322,0.027103854,6.748264298,6.043184061,0.705080238,0.0911367,0.0911367,0,0.613943538,6.043184061,0,0.797000857,0.669087352,0.218685631,0.060171332,0.060171332,0,0.204578224,0.669087352,0,3.564296187,2.992249604,0.977991872,0.269094379,0.269094379,0,0.914901632,2.992249604,0,2.2,0.2,0.894427191,6,0.029236232,0.007596026,0.001698523,0,0,0,0.029236232,0.007596026,0.001698523,0,0,0,0.35975,9.26275,38.99075,0.030455965,1.719070645,6.251796852,0.006810161,0.384395882,1.397944274,QU,QU.B,437.4,0,137.85,0,0,575.25,137.85,437.4,105.8198071,0,47.3358938,0,0,47.3358938,105.8198071,23.66202821,0,10.58462763,0,0,10.58462763,23.66202821,2.960519107,41.66013362,0.341767356,0.341767356,0.088243952,0.624433498,0.2,0.1,NA,0.05,NA,0.65,0.2,0.410391341,0.307793506,NA,0.223606798,NA,0.489360485,0.410391341,0.091766294,0.06882472,NA,0.05,NA,0.109424331,0.091766294,1.89,0.226878126,0.050731491,1.55,0.248151058,0.055488263,3.18,1.30285401,0.336395459,3.22,1.319198891,0.340615689,3.157777778,1.290654237,0.333245491,3.152,1.290399717,0.333179774,2.5,1.700588134,0.694262198,2.5,1.700588134,0.694262198,2.5,1.700588134,0.694262198,2.5,1.700588134,0.694262198,3.428571429,1.16844971,0.312281321,3.371428571,1.114539278,0.297873152,3.428571429,1.16844971,0.312281321,3.40952381,1.146337801,0.306371664,1.745,0.109904265,0.024575341,1.52,0.246234805,0.055059776,1.866,0.161192921,0.036043833,1.705368896,0.111677612,0.024971873
RU,RU.A,A,Seldianaya,Atlantic,East.Atlantic,East,2014,66.40611111,33.72305556,1,August,8/3/2014,23,14,18.54,Intertidal,0.3,NA,NA,NA,1,5.75,-0.071,,924.688057,216.7444278,48.46552743,54.01463785,54.01463785,0,0,0,0,0,54.01463785,0,4.586236982,4.586236982,0,0,0,0,0,4.586236982,0,18.34494793,18.34494793,0,0,0,0,0,18.34494793,0,8.210224954,8.210224954,0,0,0,0,0,8.210224954,0,0.697108021,0.697108021,0,0,0,0,0,0.697108021,0,2.788432085,2.788432085,0,0,0,0,0,2.788432085,0,1.95,0.05,0.223606798,2,0.012137008,0.006115016,0.001402881,0,0,0,0.012137008,0.006115016,0.001402881,56.2675,16.759842,3.747614601,0.290825,4.209,41.328,0.032727453,1.806170418,16.78762125,0.007318081,0.403871983,3.75382623,RU,RU.A,505.75,0,160.1,0,0,665.85,160.1,505.75,184.3406815,0,42.13124856,0,0,42.13124856,184.3406815,41.21982948,0,9.420833576,0,0,9.420833576,41.21982948,1.70683206,37.49647832,0.30892693,0.30892693,0.069078162,2.10290872,0.25,0,NA,0,NA,1,0.25,0.444261658,0,NA,0,NA,0,0.444261658,0.099339927,0,NA,0,NA,0,0.099339927,1,0,0,1,0,0,NA,NA,NA,NA,NA,NA,NA,NA,NA,NA,NA,NA,NA,NA,NA,NA,NA,NA,NA,NA,NA,NA,NA,NA,NA,NA,NA,NA,NA,NA,NA,NA,NA,NA,NA,NA,1,0,0,1,0,0,1,0,0,1,0,0
RU,RU.B,B,Nicolskaya,Atlantic,East.Atlantic,East,2014,66.28583333,34.0025,1,August,8/10/2014,15,10,17.54,Intertidal,0.1,NA,NA,NA,0.47,3.17,-0.2235,,693.9139292,274.7142711,61.42797847,84.06407353,84.05194349,0,0,0,0,0,84.05194349,0.012130034,10.89553849,10.89342902,0,0,0,0,0,10.89342902,0.012130034,46.22585493,46.21690517,0,0,0,0,0,46.21690517,0.051463376,12.7777877,12.77589541,0,0,0,0,0,12.77589541,0.001892285,1.656130316,1.65580121,0,0,0,0,0,1.65580121,0.001892285,7.026365862,7.024969585,0,0,0,0,0,7.024969585,0.008028287,1.9,0.123544154,0.552506251,3,0.00554072,0.004960159,0.001109125,0,0,0,0.00554072,0.004960159,0.001109125,35.958,16.08443399,3.596588779,0.19985,2.507416667,28.744,0.018656239,0.497342198,4.631096721,0.004171662,0.111209096,1.035544708,RU,RU.B,139.4736842,0,55.10526316,0,0,184.85,52.35,132.5,86.9729322,0,35.0636639,0,0,36.28472928,90.21538555,19.95295907,0,8.044156187,0,0,8.113512122,20.17277347,1.783522549,38.35659523,0.326051752,0.326051752,0.074801402,0.301186062,0.315789474,0,NA,0,NA,1,0.315789474,0.477566933,0,NA,0,NA,0,0.477566933,0.109561368,0,NA,0,NA,0,0.109561368,1,0,0,1,0,0,NA,NA,NA,NA,NA,NA,NA,NA,NA,NA,NA,NA,NA,NA,NA,NA,NA,NA,NA,NA,NA,NA,NA,NA,NA,NA,NA,NA,NA,NA,NA,NA,NA,NA,NA,NA,1,0,0,1,0,0,1,0,0,1,0,0
SD,SD.A,A,Shelter Island,Pacific,East.Pacific,East,2011,32.713756,-117.225474,1,May,5/28/2014,19.44,35,14.12,Shallow.Subtidal,1.8288,10.805,89.19,0,0.68,5.8,-0.0543,,356.5062389,141.0727488,31.54482562,30.24086267,8.155060236,22.08580243,6.683566844,6.556706187,0.126860657,0.024502341,8.155060236,0,2.933633582,0.783379386,2.697992577,0.776246375,0.750325439,0.047299653,0.013468815,0.783379386,0,13.11960822,3.50337912,12.06578961,3.471479325,3.355557375,0.211530477,0.060234372,3.50337912,0,24.29025392,20.25258696,4.037666963,1.615934222,1.586599698,0.029334523,0.003503835,20.25258696,0,3.543769447,3.289132055,0.545111032,0.205660936,0.198657487,0.013973753,0.001926041,3.289132055,0,15.84821876,14.70944572,2.437810646,0.919743665,0.888423291,0.062492521,0.008613515,14.70944572,0,14.3,0.580834246,2.597569714,27,1.071013164,0.39272626,0.087816261,0,0,0,1.071013164,0.39272626,0.087816261,0,0,0,0.386,12.005,65.178,0.036620385,5.054215021,14.61369639,0.008188567,1.130156836,3.267721852,SD,SD.A,303.575,0,353.225,0,0,656.8,353.225,303.575,84.32304346,0,77.94388585,0,0,77.94388585,84.32304346,18.85520572,0,17.42878272,0,0,17.42878272,18.85520572,1.334179008,31.78728313,0.111334566,0.111334566,0.024895166,0.25566545,0.894736842,0.055555556,NA,0.578947368,0.944444444,0.85,0.894736842,0.315301768,0.23570226,NA,0.507257274,0.23570226,0.366347549,0.26765169,0.072335186,0.055555556,NA,0.1163728,0.055555556,0.081917802,0.061403509,2,0,0,1.19,0.271254396,0.060654327,1.85,0.153896753,0.03441236,1.04,0.123117402,0.027529888,2.08,0.195744194,0.043769732,1.214125879,0.122785413,0.027455653,1.405,0.19594575,0.043814802,1.02,0.089442719,0.02,1.49,0.27974508,0.062552902,1.139567995,0.117514455,0.026277031,1,0,0,1,0,0,1,0,0,1,0,0,1.985,0.067082039,0.015,2.47,0.64977729,0.145294619,2.233,0.031304952,0.007,2.361097082,0.392219493,0.087702945
SD,SD.B,B,Coronado ,Pacific,East.Pacific,East,2014,32.700762,-117.172885,1,June,6/4/2014,21.11,35,14.2173,Shallow.Subtidal,0.3048,7.525,92.36,0,0.89,4.09,0.0008,,1059.969442,254.4587712,56.89871098,24.07547789,0.494949025,23.58052887,20.33798202,18.91621788,1.421764137,0.180058099,0.494949025,0,2.732773406,0.059652679,2.705431618,2.088719425,2.013783632,0.273457831,0.029844201,0.059652679,0,12.22133421,0.266774889,12.09905801,9.341037239,9.005914188,1.222940599,0.133467326,0.266774889,0,8.201818109,1.316889868,6.884928241,5.985417568,5.251972572,0.733444996,0.366483778,1.316889868,0,0.953500916,0.220567114,0.821342609,0.719919835,0.673363489,0.15336112,0.0936967,0.220567114,0,4.264185729,0.986406121,3.673155813,3.219579379,3.01137307,0.68585178,0.41902438,0.986406121,0,14.9,0.51247593,2.291862033,30,0.145624436,0.034130765,0.007631871,0,0,0,0.145624436,0.034130765,0.007631871,0,0,0,0.295,5.327,32.392,0.03363895,1.012100994,5.36218887,0.007521898,0.226312662,1.199021882,SD,SD.B,1122.425,0,242.525,0,0,1364.95,242.525,1122.425,536.4908464,0,62.56985044,0,0,62.56985044,536.4908464,119.9630002,0,13.99104389,0,0,13.99104389,119.9630002,1.878844338,36.39699459,0.211363127,0.211363127,0.051263088,0.263329121,0.95,NA,0.588235294,0.266666667,1,0.9,0.866666667,0.223606798,NA,0.507299656,0.457737708,0,0.307793506,0.167541563,0.05,NA,0.123038239,0.118187368,0,0.06882472,0.037463432,2.02,0.089442719,0.02,1.02,0.089442719,0.02,2.005,0.114593102,0.025623797,1.02,0.089442719,0.02,2.2435,0.057790456,0.012922339,1.25496665,0.067389307,0.015068707,1.74,0.237087592,0.053014397,1.02,0.089442719,0.02,1.969,0.309175663,0.06913378,1.148004889,0.085635209,0.019148615,2.229411765,1.07805653,0.261467114,2.141176471,1.086887082,0.263608838,2.245098039,1.077738191,0.261389906,2.216666667,1.073674894,0.260404411,2.385,0.641769757,0.14350408,2.505,0.872066511,0.195,2.443166667,0.612768118,0.137019117,2.488388889,0.68683026,0.153579915
SF,SF.A,A,Point Molate,Pacific,East.Pacific,East,2014,37.946557,-122.418499,1,July,7/11/2014,17.7,30,14.6,Intertidal,-0.5,NA,NA,NA,0.95,4.58,0.0711,,48.35,25.89304926,5.789861829,5.032434506,1.129594215,3.883618393,3.349473935,3.349473935,0,0.534144459,1.129594215,0,0.679837534,0.19797839,0.69040539,0.677937082,0.677937082,0,0.144986785,0.19797839,0,3.04032588,0.885386277,3.08758677,3.031826798,3.031826798,0,0.648400613,0.885386277,0,56.06310575,40.75739065,15.30296637,2.395693113,2.395693113,0,12.90727325,40.75739065,0,9.130261893,9.281166223,3.274234305,0.581163778,0.581163778,0,3.238071776,9.281166223,0,40.83177249,41.50663717,14.64282096,2.599043426,2.599043426,0,14.48109721,41.50663717,0,2.7,0.291095933,1.301820588,6,0.334133372,0.59244773,0.13247534,0,0,0,0.334133372,0.59244773,0.13247534,0,0,0,0.958333333,23.2975,117.4633333,0.06567241,4.600877983,17.21767384,0.014684797,1.028787593,3.849988912,SF,SF.A,113.8947368,0,148.2631579,0,0,262.1578947,148.2631579,113.8947368,63.62249317,0,51.95173198,0,0,51.95173198,63.62249317,14.59600096,0,11.91854472,0,0,11.91854472,14.59600096,2.857530301,34.4819303,0.168724526,0.168724526,0.03597219,0.174748108,0.6,NA,0.3,0.0625,NA,0.4,0.45,0.50262469,NA,0.470162346,0.25,NA,0.50262469,0.223606798,0.112390297,NA,0.105131497,0.0625,NA,0.112390297,0.05,3.41,1.774645999,0.396822909,3.67,2.299679612,0.514223994,2.731578947,2.094451037,0.480500022,2.605263158,2.11829955,0.485971246,3.188947368,2.060552501,0.472723164,2.966004483,2.094882463,0.480598998,1.69375,0.390672497,0.097668124,1.625,0.256904652,0.064226163,1.7525,0.422667893,0.105666973,1.687474708,0.313759618,0.078439905,6.963636364,1.708375092,0.515094471,6.854545455,1.757477531,0.529899414,6.987878788,1.688870282,0.509213549,6.951515152,1.697603778,0.511846798,6.611764706,1.357333025,0.329201614,6.823529412,1.526241057,0.370167829,6.62745098,1.346406498,0.326551542,6.729411765,1.392733242,0.337787427
SF,SF.B,B,Point San Pablo,Pacific,East.Pacific,East,2014,37.978118,-122.405941,1,July,7/12/2014,17.5,27,14.6,Intertidal,-0.5,17.815,80.095,0,1,4.58,-0.0019,,34.55,11.3530659,2.53862271,20.75970239,0.063773971,20.64906806,2.671606387,2.043267284,0.628339103,17.97746168,0.063773971,0,4.263048131,0.044019721,4.288800184,0.609650894,0.477474881,0.20232559,3.991173643,0.044019721,0,14.13893111,0.145996899,14.22434101,2.021983269,1.583605028,0.671038066,13.23722545,0.145996899,0,429.5563862,1.837696307,427.6109111,8.443053755,7.554239406,0.888814349,419.1678574,1.837696307,0,83.38472394,1.826905333,83.91876762,3.359502726,3.296499212,0.293630398,82.59935816,1.826905333,0,276.5558426,6.059159518,278.3270651,11.14221002,10.93325101,0.973861856,273.9510789,6.059159518,0,3.85,0.310135794,1.386969434,11,0.093322348,0.045109473,0.010086785,0,0,0,0.093322348,0.045109473,0.010086785,0,0,0,0.916666667,27.57333333,126.85,0.075316098,5.248999905,20.71275421,0.016841191,1.17371206,4.631512642,SF,SF.B,82.525,0,206.6,0,0,289.125,206.6,82.525,28.05843292,0,79.84023521,0,0,79.84023521,28.05843292,6.274056335,0,17.85281933,0,0,17.85281933,6.274056335,2.90597917,34.76966328,0.191038317,0.191038317,0.045028163,0.21116903,1,NA,0.9,0.882352941,NA,0.95,0.95,0,NA,0.307793506,0.332105582,NA,0.223606798,0.153896753,0,NA,0.06882472,0.080547435,NA,0.05,0.03441236,3.47,0.646529195,0.144568323,5.86,2.230034222,0.498650811,3.5,0.627442595,0.14030043,5.9,2.201913044,0.492362725,4.079404762,0.465397047,0.104065943,5.437746356,1.100033677,0.245975008,2.24,1.191814185,0.266497754,2.33,1.31072499,0.293087018,2.376666667,1.212177008,0.271051019,2.357977973,1.250589926,0.279640409,4.55,0.686332741,0.153468666,6.8,1.885121803,0.42152605,4.884142857,0.467062926,0.104438445,6.170556995,0.87722822,0.196154193,4,3.382306905,1.691153453,4,3.382306905,1.691153453,4,3.382306905,1.691153453,4,3.382306905,1.691153453
SW,SW.A,A,Torseröd,Atlantic,East.Atlantic,East,2014,58.3131,11.5488,1,August,8/6/2014,21,25,15.7,Shallow.Subtidal,1.1,NA,NA,NA,0.58,4.56,0.0308,Missing all epibiota data,1373.656655,704.0309061,157.4260964,6.404059221,5.517376752,0.325818641,0.325818641,0.325818641,0,0,5.605050178,0.473190402,1.119141633,0.985732217,0.093138852,0.093138852,0.093138852,0,0,1.000010858,0.190136384,5.004953536,4.408328491,0.41652961,0.41652961,0.41652961,0,0,4.472184515,0.85031576,10.79387779,10.32660227,0.138392657,0.138392657,0.138392657,0,0,10.41065085,0.244834285,2.401432073,2.357608902,0.031470526,0.031470526,0.031470526,0,0,2.382976206,0.204553886,10.73953072,10.54354754,0.14074047,0.14074047,0.14074047,0,0,10.65699357,0.914792788,2.8,0.304354364,1.361114095,9,NA,NA,NA,0.000776439,0.001958952,0.000438035,NA,NA,NA,0.2138295,0.523914971,0.117150949,0.443,6.263,32.727,0.058768054,1.638333878,13.27201135,0.013140936,0.366342592,2.967711958,SW,SW.A,136.8,0,177.775,0,0,314.575,177.775,136.8,43.02337186,0,72.37247859,0,0,72.37247859,43.02337186,9.62031841,0,16.18297818,0,0,16.18297818,9.62031841,1.172912669,37.75984936,0.29484189,0.29484189,0.065928651,0.355555608,0.421052632,0.1,NA,0.1,NA,0.65,0.421052632,0.507257274,0.307793506,NA,0.307793506,NA,0.489360485,0.507257274,0.1163728,0.06882472,NA,0.06882472,NA,0.109424331,0.1163728,1.715789474,0.233959061,0.05367389,1.989473684,0.169622905,0.038914163,1.14,0.313404247,0.099107125,1.1,0.316227766,0.1,1.14,0.313404247,0.099107125,1.126,0.312132451,0.098704948,1.14,0.313404247,0.099107125,1.1,0.316227766,0.1,1.14,0.313404247,0.099107125,1.126,0.312132451,0.098704948,NA,NA,NA,NA,NA,NA,NA,NA,NA,NA,NA,NA,1.778947368,0.33924581,0.077828326,2.042105263,0.183532587,0.042105263,2.146315789,0.699527967,0.160482722,2.056214339,0.301103667,0.069077919
SW,SW.B,B,Bökevik,Atlantic,East.Atlantic,East,2014,58.2488,11.4536,1,August,8/6/2014,21,24,15.7,Shallow.Subtidal,1.3,54.515,38.95,0,0.42,3.55,-0.0909,,570.4050703,168.4715476,37.67138327,28.93198138,15.15925575,8.562733491,8.562733491,8.562733491,0,0,15.18802611,5.181221784,4.091136187,2.419419605,1.778271296,1.778271296,1.778271296,0,0,2.411834498,1.099383138,15.84490232,9.370371837,6.887215115,6.887215115,6.887215115,0,0,9.340994846,4.257892583,12.42960649,9.85306325,2.570107311,2.570107311,2.570107311,0,0,9.859499178,0,2.238531132,1.994405218,0.378104557,0.378104557,0.378104557,0,0,1.992968891,0,8.669793792,7.724298193,1.464392654,1.464392654,1.464392654,0,0,7.718735325,0,4.5,0.294689846,1.317893055,11,0.209999964,0.049617496,0.013761417,0.000535221,0.002393581,0.000535221,0.248244011,0.104658094,0.029026933,59.3886435,42.95563525,9.605172044,0.39475,3.7535,22.67725,0.045982691,0.705894543,5.211126122,0.010282042,0.157842818,1.165243225,SW,SW.B,156.5,0,78.9,0,0,235.4,78.9,156.5,58.59629951,0,35.23178888,0,0,35.23178888,58.59629951,13.10253089,0,7.878067489,0,0,7.878067489,13.10253089,1.121346971,37.6403368,0.125206742,0.125206742,0.027997079,0.14829323,1,0.3,NA,0.055555556,NA,1,1,0,0.470162346,NA,0.23570226,NA,0,0,0,0.105131497,NA,0.055555556,NA,0,0,1.4,0,0,1.26,0.318549343,0.071229799,1.084210526,0.138496522,0.031773281,1.042105263,0.126120707,0.028934075,1.084210526,0.138496522,0.031773281,1.060258338,0.128340998,0.029443444,1.084210526,0.138496522,0.031773281,1.042105263,0.126120707,0.028934075,1.084210526,0.138496522,0.031773281,1.060258338,0.128340998,0.029443444,NA,NA,NA,NA,NA,NA,NA,NA,NA,NA,NA,NA,1.415,0.067082039,0.015,1.44,0.211261873,0.047239591,1.478333333,0.052174919,0.011666667,1.465108629,0.133973957,0.029957488
UK,UK.A,A,Porth Dinllaen,Atlantic,East.Atlantic,East,2014,55.942292,-4.565192,1,September,9/10/2014,17.5,34.4,18.5,Intertidal,0,NA,NA,NA,1,5.01,0.0258,,737.1369601,374.2691045,85.86322128,54.6148419,53.76684108,0.848000823,0.809363634,0.809363634,0,0,53.73863603,0,9.221012525,9.054087315,0.310067682,0.305608324,0.305608324,0,0,9.00467467,0,40.19346175,39.46585163,1.351553693,1.332115801,1.332115801,0,0,39.25046691,0,26.27320284,23.96345475,2.309748083,2.299180812,2.299180812,0,0,23.50946847,0,5.467961757,4.285093081,2.070382298,2.070837265,2.070837265,0,0,4.113797128,0,23.83429272,18.6782877,9.024587211,9.026570366,9.026570366,0,0,17.93162596,0,4.35,0.2926737,1.308876577,18,0.124868854,0.092879036,0.020768384,0,0,0,0.124868854,0.092879036,0.020768384,3.7769745,4.679341384,1.046332542,0.3631,4.2592,23.0931,0.039108352,0.817945411,4.487945467,0.008744893,0.182898154,1.003535114,UK,UK.A,331.4117647,0,52.29411765,0,0,383.7058824,52.29411765,331.4117647,124.6595658,0,27.31703842,0,0,27.31703842,124.6595658,30.23438572,0,6.625354988,0,0,6.625354988,30.23438572,1.943005556,38.32233963,0.178108382,0.178108382,0.039826245,0.149314311,0.5,0,NA,0.133333333,NA,1,0.5,0.512989176,0,NA,0.351865775,NA,0,0.512989176,0.114707867,0,NA,0.090851353,NA,0,0.114707867,1.595,0.223547946,0.04998684,1.07,0.149031964,0.03332456,1.636363636,0.789015497,0.237897123,1.636363636,0.789015497,0.237897123,1.642424242,0.787272494,0.237371588,1.64,0.787908624,0.237563389,1.663636364,0.785204085,0.236747939,1.636363636,0.789015497,0.237897123,1.663636364,0.785204085,0.236747939,1.654545455,0.785319854,0.236782845,NA,NA,NA,NA,NA,NA,NA,NA,NA,NA,NA,NA,1.58,0.204167114,0.045653155,1.08,0.164156536,0.036706517,1.841666667,0.422456614,0.094464171,1.251634899,0.095126648,0.021270965
UK,UK.B,B,Penn Y Chain,Atlantic,East.Atlantic,East,2014,52.897536,-4.322364,1,September,9/10/2014,15.3,32.7,18.5,Intertidal,0.4,NA,NA,NA,0.95,4.69,0.0555,,238.7318564,110.507067,24.71013139,101.5397633,100.5808657,0.95889764,0.95889764,0.95889764,0,0,100.5808657,0,63.51935455,63.51855154,0.257238111,0.257238111,0.257238111,0,0,63.51855154,0,284.0671893,284.0635982,1.150403803,1.150403803,1.150403803,0,0,284.0635982,0,44.15189072,43.87745883,0.27443189,0.27443189,0.27443189,0,0,43.87580201,0,29.51965904,29.52760006,0.072964059,0.072964059,0.072964059,0,0,29.52770773,0,132.0159286,132.0514419,0.326305192,0.326305192,0.326305192,0,0,132.0519234,0,4.95,0.320156212,1.431782106,13,0.119661953,0.082462122,0.018439091,0,0,0,0.119661953,0.082462122,0.018439091,35.0458,35.743615,8.424850851,0.3859,3.5972,21.6819,0.046847906,0.62086032,3.479529519,0.01047551,0.138828588,0.778046453,UK,UK.B,243.9473684,0,28.78947368,0,0,272.7368421,28.78947368,243.9473684,172.1102598,0,14.54716065,0,0,14.54716065,172.1102598,39.48480155,0,3.337347537,0,0,3.337347537,39.48480155,1.376109663,36.48495617,0.284971637,0.284971637,0.063721595,0.925847369,0.882352941,0.5,NA,0.428571429,NA,0.65,0.882352941,0.332105582,0.514495755,NA,0.534522484,NA,0.489360485,0.332105582,0.080547435,0.121267813,NA,0.202030509,NA,0.109424331,0.080547435,1.435,0.122581874,0.02741014,1.36,0.104629673,0.023395906,1.258333333,0.162135372,0.04680445,1.208333333,0.183195541,0.052883997,1.263888889,0.168450055,0.048627342,1.239814815,0.158801511,0.045842048,1.258333333,0.162135372,0.04680445,1.208333333,0.183195541,0.052883997,1.263888889,0.168450055,0.048627342,1.239814815,0.158801511,0.045842048,NA,NA,NA,NA,NA,NA,NA,NA,NA,NA,NA,NA,1.45,0.135724179,0.030348849,1.37,0.097872097,0.021884866,1.515,0.147285378,0.032934012,1.405338394,0.109605657,0.02450857
VA,VA.A,A,Goodwin Islands,Atlantic,West.Atlantic,West,2011,37.2204206,-76.4013352,1,June,6/9/2014,27.44,18.27,14.633,Shallow.Subtidal,,8.86,90.96,0,1,5.1,-0.116,,1858.925388,585.1495595,130.8434192,42.11220425,0,40.93474551,36.53450396,6.648375658,29.88612831,4.400241545,1.177458741,0,4.441087876,0,4.437397944,4.491774557,1.320308038,3.982727465,0.432816731,0.178694997,0,19.86114877,0,19.84464689,20.0878265,5.90459705,17.8112987,1.935615265,0.799148319,0,35.39315551,0,32.8291885,14.59572998,5.309550809,9.286179167,18.23345852,2.563967012,0,3.179692479,0,3.162482648,2.212507328,1.160140992,1.623039265,2.173725864,0.5029805,0,14.22001706,0,14.14305236,9.894633572,5.188308242,7.258452253,9.721197591,2.249397179,0,6.2,0.407818329,1.823819012,12,0.243931692,0.089745702,0.020067749,0,0,0,0.243931692,0.089745702,0.020067749,1.85401,1.52722538,0.341497977,0.3075,8.3075,40.06375,0.031518583,1.057370746,3.882522198,0.007047769,0.236435287,0.868158356,VA,VA.A,691.2777778,0,329.4,0,0,951.55,329.4,622.15,210.847256,0,85.0222262,0,0,85.0222262,291.6304935,49.69717484,0,19.01154774,0,0,19.01154774,65.21056078,2.161312342,36.71425304,0.266393755,0.266393755,0.059567454,0.508261729,0.55,0.2,0.7,0.2,NA,0.35,0.625,0.510417786,0.410391341,0.470162346,0.410391341,NA,0.489360485,0.393198758,0.114132887,0.091766294,0.105131497,0.091766294,NA,0.109424331,0.087921915,2.29,0.235975021,0.052765619,1.685,0.299605003,0.066993715,2.27,0.243007472,0.054338123,1.725,0.385083723,0.086107338,2.616,0.345168151,0.077181945,1.970190702,0.330203072,0.073835651,1.729411765,0.377101952,0.091460658,1.658823529,0.727202537,0.176372522,1.949411765,0.482165594,0.116942334,1.753333466,0.57729904,0.140015584,2.67,0.599210006,0.133987431,3.05,0.865417453,0.193513225,2.932833333,0.541088652,0.120991101,3.092692935,0.580282163,0.129755036,2.311764706,0.634312968,0.153843492,2.247058824,0.631582979,0.153181372,2.361176471,0.644904107,0.156412221,2.315770308,0.569080789,0.138022365
VA,VA.B,B,Allen's Islands,Atlantic,West.Atlantic,West,2014,37.2543093,-76.4374474,1,June,6/11/2014,26.4,18.04,14.683,Shallow.Subtidal,,21.915,77.03,0.53,1,5.84,0.005,,1327.349121,251.295574,56.19139859,19.95963623,0,16.78292315,11.01821772,10.31869815,0.699519566,5.764705426,3.176713083,0,1.358445226,0,1.314577755,1.150450434,1.130021354,0.198857465,0.755025445,0.389397647,0,6.075151739,0,5.878970445,5.14497075,5.053609127,0.889317621,3.376576441,1.741439216,0,46.54182534,0,42.34475261,11.68578248,11.33128973,0.354492748,30.65897013,4.197072733,0,4.598458437,0,4.522825966,2.015707412,2.024768024,0.117209689,4.344576858,0.496588337,0,20.56493131,0,20.22669262,9.014517594,9.055037881,0.524177665,19.42953838,2.220810556,0,5.9,0.306937333,1.372665482,12,0.150565555,0.055764153,0.012469244,0,0,0,0.150565555,0.055764153,0.012469244,8.749965,6.78700131,1.517619629,0.355625,11.25,51.8275,0.037494517,1.200739903,6.223231624,0.008384029,0.268493605,1.391556895,VA,VA.B,467.2,0,401.9,0,0,869.1,401.9,467.2,138.7658384,0,153.2744013,0,0,153.2744013,138.7658384,31.02898475,0,34.27319806,0,0,34.27319806,31.02898475,2.313372934,36.83579903,0.33079881,0.33079881,0.073968863,0.654173421,0.65,0.210526316,0.684210526,0.25,NA,0.5,0.675,0.489360485,0.418853908,0.477566933,0.444261658,NA,0.512989176,0.244680242,0.109424331,0.096091677,0.109561368,0.099339927,NA,0.114707867,0.054712165,2.365,0.156524758,0.035,2.06,0.367638266,0.082206415,2.365,0.156524758,0.035,2.08,0.477493455,0.106770783,2.7375,0.227616367,0.050896567,2.431830422,0.301746077,0.067472474,1.936842105,0.340278524,0.078065247,1.589473684,0.268524232,0.061603684,2.175789474,0.495696096,0.113720484,1.805930652,0.271224883,0.062223256,2.99,0.577562938,0.129146999,3.42,0.759223981,0.169767643,3.1735,0.512378327,0.114571277,3.395948907,0.591132306,0.132181202,2.12,0.479692884,0.10726259,2.015,0.456848472,0.102154424,2.1775,0.49459875,0.110595643,2.087134199,0.436020085,0.097497055
WA,WA.A,A,Willapa Bay,Pacific,East.Pacific,East,2011,46.474,-124.028,1,June,6/27/2014,17,23,15.68,Shallow.Subtidal,-0.3,35.41,63.09,0,0.95,6.18,-0.0126,,103.4504711,51.50730817,11.51738424,1.642034393,0,1.729600068,1.481005128,0.455853456,1.025151672,0.200187174,0,0,0.31164941,0,0.299429039,0.281762713,0.11611579,0.262450912,0.059260889,0,0,1.39373853,0,1.339087371,1.260081158,0.5192856,1.173716161,0.265022753,0,0,0.835616533,0,0.835616533,0.515022374,0.118333628,0.396688747,0.303399813,0,0,0.156315746,0,0.156315746,0.103698335,0.02059927,0.105228154,0.13023384,0,0,0.699065267,0,0.699065267,0.463753052,0.092122737,0.470594612,0.582423439,0,0,3.5,0.394034463,1.762175689,16,0.762548891,0.179018927,0.040029849,0,0,0,0.762548891,0.179018927,0.040029849,0.5235,0.611305979,0.136692172,1.041,28.039,121.11,0.063734647,5.180621686,13.86864164,0.0142515,1.158422226,3.101122547,WA,WA.A,48.75,0,169.65,0,0,230.8333333,169.65,54.16666667,39.5978136,0,99.66695857,0,0,99.66695857,39.5978136,8.854340298,0,22.28620945,0,0,22.28620945,8.854340298,2.101003793,31.61908824,0.250523893,0.250523893,0.059049048,1.642999254,0.7,NA,NA,0,NA,0.9,0.575,0.470162346,NA,NA,0,NA,0.307793506,0.37257991,0.105131497,NA,NA,0,NA,0.06882472,0.083311401,1.789473684,0.646266832,0.14826378,1.642105263,0.686630897,0.157523931,1.789473684,0.646266832,0.14826378,1.642105263,0.686630897,0.157523931,1.845614035,0.656821802,0.150685256,1.761942356,0.631633187,0.144906591,1.126666667,0.21865389,0.056456192,1.026666667,0.103279556,0.026666667,1.126666667,0.21865389,0.056456192,1.084444444,0.150061716,0.038745768,2.3125,1.086853256,0.384260654,2.2375,1.019716347,0.360524172,2.3125,1.086853256,0.384260654,2.2875,1.060239191,0.374851161,NA,NA,NA,NA,NA,NA,NA,NA,NA,NA,NA,NA
WA,WA.B,B,Dabob Bay,Pacific,East.Pacific,East,2014,47.809,-122.815,1,June,6/15/2014,16,20,15.93,Shallow.Subtidal,-1,7.11,92.885,0,0.95,4.67,0.0214,,1047.237077,246.9717946,55.22457212,31.96249307,3.094644301,30.54560567,27.66766501,1.338966624,26.39772102,0.215370187,3.094644301,0,5.370706167,0.773568666,4.767302047,4.473476933,0.320739882,4.519093786,0.092449189,0.773568666,0,24.01852815,3.459504243,21.32002289,20.00599703,1.434392358,20.2100018,0.41344534,3.459504243,0,12.53128975,6.389132121,6.142157627,5.904430172,0.288851504,5.615578668,0.037866996,6.389132121,0,3.583894708,3.198603492,0.960269063,0.93652218,0.05400822,0.941580688,0.017953003,3.198603492,0,16.02766438,14.30458968,4.294453805,4.188254515,0.241532104,4.210876849,0.080288268,14.30458968,0,5.7,0.435889894,1.949358869,21,0.435551072,0.226004862,0.050536224,0,0,0,0.435551072,0.226004862,0.050536224,18.69653714,20.91595372,5.590023767,0.4575,5.85325,27.2295,0.04677775,0.667284905,3.121522022,0.010459823,0.149209441,0.697993544,WA,WA.B,266.45,0,102,0,0,368.45,102,266.45,104.3881799,0,28.69439703,0,0,28.69439703,104.3881799,23.34190663,0,6.416262234,0,0,6.416262234,23.34190663,2.219396532,37.48644237,0.206456083,0.206456083,0.046164984,0.315605838,NA,0.1,NA,0.555555556,1,1,1,NA,0.307793506,NA,0.511309993,0,0,0,NA,0.06882472,NA,0.120516921,0,0,0,1.65,0.306937333,0.068633274,1.2,0.267542422,0.059824304,1.525,0.276966652,0.061931626,1.18,0.266754372,0.059648091,1.791666667,0.59989424,0.13414043,1.348235343,0.185768358,0.041539068,1,0,0,1,0,0,1,0,0,1,0,0,1.05,0.1,0.05,1.05,0.1,0.05,1.05,0.1,0.05,1.05,0.1,0.05,2.05625,0.897380447,0.224345112,2.1875,1.037866401,0.2594666,2.089583333,0.891084961,0.22277124,2.14375,0.944749134,0.236187283
